,origin_x,origin_y,destination_x,destination_y,treq,hub,ttrav,tarr,u,dist_OH,u_PT_OD,u_PT_HD,u_SUM_OD,p_SUM
0,19.87196956,50.0908316,19.940439694625585,50.07221055091952,2024-03-28 08:00:36,1786358199,244.33333333333334,2024-03-28 08:04:40,2.932,1466,14.550791090138892,12.269866014992225,14.384791202959725,0.5414049360273803
1,19.88923112,50.09323512,19.9040061349451,50.08511392113392,2024-03-28 08:07:22,1786358199,337.8333333333333,2024-03-28 08:12:59,4.054,2027,8.11945018788683,8.007290413480096,14.62220236835015,0.0014970625890436884
2,19.872702,50.100578,19.964916843448524,50.081348066156636,2024-03-28 07:47:23,1786358199,462.8333333333333,2024-03-28 07:55:05,5.554,2777,17.352273007431585,7.732942556357982,17.549879060057638,0.4507586147523529
3,19.88916641,50.09307069,19.923458794539304,50.05679640240351,2024-03-28 07:56:12,1786358199,337.8333333333333,2024-03-28 08:01:49,4.054,2027,9.254153383414977,14.736757969870347,14.28771729318735,0.006473370756630291
4,19.87786072,50.0843247,19.885468795880367,50.09741493157783,2024-03-28 08:04:36,1786358199,46.333333333333336,2024-03-28 08:05:22,0.556,278,7.978827781878648,10.828238233016778,9.174087368374352,0.23231958293824836
5,19.87359193,50.09009416,19.893211100346466,50.07746837869586,2024-03-28 07:53:32,1786358199,244.33333333333334,2024-03-28 07:57:36,2.932,1466,9.414191390894958,14.182131879674987,10.396625187870697,0.2724091321575394
6,19.87857315,50.08521845,19.846567318060366,50.08497304420286,2024-03-28 08:12:30,1786358199,121.33333333333333,2024-03-28 08:14:31,1.456,728,10.606532744277079,,,
7,19.872702,50.100578,19.95318585199058,50.06650806917316,2024-03-28 08:04:03,1786358199,462.8333333333333,2024-03-28 08:11:45,5.554,2777,15.461858345813413,7.681428984910973,16.79905898494324,0.20797078936916175
8,19.88264973,50.08570884,19.900435359165712,50.10506673933658,2024-03-28 08:09:54,1786358199,94.16666666666667,2024-03-28 08:11:28,1.1300000000000001,565,10.82720703004092,5.76275330819571,12.85106413529304,0.1167207465918858
9,19.872702,50.100578,19.966280112814403,50.03784569637047,2024-03-28 07:57:00,1786358199,462.8333333333333,2024-03-28 08:04:42,5.554,2777,17.870223533788977,12.274891879674989,17.57322379697574,0.5737089142406554
10,19.87614472,50.09264841,19.938498264089006,50.062474167174344,2024-03-28 07:56:13,1786358199,277.3333333333333,2024-03-28 08:00:50,3.328,1664,13.205554435968438,9.734771654113988,12.879210789358625,0.5808694646984934
11,19.87599187,50.08911041,19.93496794093207,50.094744494355375,2024-03-28 07:48:04,1786358199,198.83333333333334,2024-03-28 07:51:22,2.386,1193,12.426843984854507,14.452794887179166,11.796231014959961,0.6526284382606613
12,19.872702,50.100578,19.883868770254324,50.08617267989062,2024-03-28 08:13:40,1786358199,462.8333333333333,2024-03-28 08:21:22,5.554,2777,8.116471917236222,15.139836315740222,14.916793947293273,0.001112178218894843
13,19.872702,50.100578,19.95089324303261,50.07136848968176,2024-03-28 08:02:38,1786358199,462.8333333333333,2024-03-28 08:10:20,5.554,2777,16.67157909764307,4.1331937217564745,18.958859360829834,0.09218189715664797
14,19.88583674,50.08531431,19.905667459513932,50.09311409409152,2024-03-28 07:59:34,1786358199,316.1666666666667,2024-03-28 08:04:50,3.794,1897,8.448686616431754,14.384371315764426,13.406711879610452,0.00697775895391219
15,19.88203428,50.08832552,19.909705443399535,50.071701286063636,2024-03-28 07:54:32,1786358199,147.33333333333334,2024-03-28 07:56:59,1.7680000000000002,884,9.86534165408979,4.1331937217564745,8.8143549623823,0.7409643260550075
16,19.88859809,50.09480105,19.931234427840387,50.01286261264468,2024-03-28 08:08:33,1786358199,337.8333333333333,2024-03-28 08:14:10,4.054,2027,20.642674736756767,12.158080789415095,19.769453270618342,0.7054155756741332
17,19.87375748,50.09001913,19.940892831697568,50.03098883384271,2024-03-28 07:52:16,1786358199,244.33333333333334,2024-03-28 07:56:20,2.932,1466,20.443169022512542,4.971191992415154,16.78159612778886,0.9749514783641732
18,19.88291039,50.08565811,20.06400505456663,49.972753688256766,2024-03-28 07:51:25,1786358199,355.5,2024-03-28 07:57:20,4.266,2133,28.07038499988707,12.122228646593676,29.561749586398903,0.18371699878890016
19,19.88824064,50.09191794,19.930332766419596,50.05882202718608,2024-03-28 08:11:10,1786358199,374.6666666666667,2024-03-28 08:17:24,4.496,2248,10.728123646569477,14.125597518740284,13.21866774433355,0.0765237382690025
20,19.87743591,50.09495179,19.930084475294397,50.069024028569096,2024-03-28 08:01:54,1786358199,340.6666666666667,2024-03-28 08:07:34,4.088,2044,11.952817969870347,8.591507105244052,12.368984924772667,0.39743432700040177
21,19.87691583,50.09466015,19.900435359165712,50.10506673933658,2024-03-28 07:49:24,1786358199,340.6666666666667,2024-03-28 07:55:04,4.088,2044,9.50558597741486,9.028909774414801,16.052064135293037,0.0014331043835189739
22,19.87785082,50.08857062,19.896749805080038,50.092023913249974,2024-03-28 08:05:03,1786358199,198.83333333333334,2024-03-28 08:08:21,2.386,1193,9.032312744260947,7.70071274427708,11.25185315779751,0.09800942587993948
23,19.87512084,50.08806223,19.874204666574258,50.101607075245525,2024-03-28 08:09:30,1786358199,202.16666666666666,2024-03-28 08:12:52,2.426,1213,10.991024774318003,9.184720375886597,13.256778684114572,0.0939992006517328
24,19.88297515,50.08826884,19.924829315459874,50.04941389786661,2024-03-28 07:48:45,1786358199,163.33333333333334,2024-03-28 07:51:28,1.96,980,13.00925060139113,12.491181090179227,15.488260451057462,0.07734283060922728
25,19.88262286,50.10191266,19.938498264089006,50.062474167174344,2024-03-28 08:08:15,1786358199,422.1666666666667,2024-03-28 08:15:17,5.066000000000001,2533,12.517872969797745,3.6977589473416734,14.617210789358626,0.10916119828947567
26,19.88313965,50.10372534,19.885468795880367,50.09741493157783,2024-03-28 08:12:54,1786358199,422.1666666666667,2024-03-28 08:19:56,5.066000000000001,2533,4.608519022536741,12.93680244353715,13.684087368374351,0.00011441449678706626
27,19.88895134,50.08259562,19.825869980861828,50.04252547228095,2024-03-28 08:09:18,1786358199,110.0,2024-03-28 08:11:08,1.32,660,14.51900187964272,4.1331937217564745,17.331046879674986,0.056676746744272886
28,19.87741563,50.08379895,19.91846245445818,50.062309704373035,2024-03-28 07:55:07,1786358199,46.333333333333336,2024-03-28 07:55:53,0.556,278,10.370105789374763,4.1331937217564745,12.005148834569242,0.16314068527565243
29,19.87358281,50.09921492,19.938498264089006,50.062474167174344,2024-03-28 07:51:30,1786358199,424.0,2024-03-28 07:58:34,5.088,2544,16.929218270529613,11.085604323284738,14.639210789358627,0.9080460747367168
30,19.86581738,50.09091959,19.947149505549167,50.06925456517236,2024-03-28 07:57:50,1786358199,330.8333333333333,2024-03-28 08:03:20,3.9699999999999998,1985,16.68557928565897,12.93680244353715,16.299831691699417,0.5952586013574137
31,19.88957396,50.09410138,19.95983851288684,50.01008605848627,2024-03-28 08:00:21,1786358199,337.8333333333333,2024-03-28 08:05:58,4.054,2027,19.132104548805405,4.695959548821536,20.495767744309347,0.20364558203474323
32,19.88058704,50.09580413,19.98485702298316,50.08796386842873,2024-03-28 08:06:06,1786358199,328.6666666666667,2024-03-28 08:11:34,3.9440000000000004,1972,15.818410864569824,10.93343033833343,15.542741127732393,0.568484284086506
33,19.88115321,50.09449639,19.930084475294397,50.069024028569096,2024-03-28 08:00:09,1786358199,282.1666666666667,2024-03-28 08:04:51,3.386,1693,10.224246353333724,12.547111578870524,11.666984924772668,0.19112162328379076
34,19.88218073,50.10341252,19.885468795880367,50.09741493157783,2024-03-28 08:06:16,1786358199,422.1666666666667,2024-03-28 08:13:18,5.066000000000001,2533,4.742374436073304,6.027381127796925,13.684087368374351,0.0001307996570988329
35,19.88061094,50.08447915,19.90092573215647,50.07244596102079,2024-03-28 07:48:44,1786358199,46.333333333333336,2024-03-28 07:49:30,0.556,278,7.554685075114397,5.13919338340691,8.551092518756416,0.2696483468729647
36,19.88928531,50.09340245,19.7630542739841,50.11908686112967,2024-03-28 07:58:51,1786358199,337.8333333333333,2024-03-28 08:04:28,4.054,2027,15.760061466106157,5.13919338340691,19.875524248057403,0.01605637270631601
37,19.88974488,50.09452581,19.9040061349451,50.08511392113392,2024-03-28 07:56:17,1786358199,337.8333333333333,2024-03-28 08:01:54,4.054,2027,7.6673419172120205,20.040705526284796,14.62220236835015,0.0009530778355165236
38,19.89000052,50.09511363,20.036836811258837,50.07805585956037,2024-03-28 07:47:00,1786358199,415.3333333333333,2024-03-28 07:53:55,4.984,2492,14.365479962341967,10.552345112707899,19.26829556383796,0.0073709121655495344
39,19.88554973,50.09257009,19.91223597976861,50.08584031584903,2024-03-28 08:07:55,1786358199,251.5,2024-03-28 08:12:06,3.0180000000000002,1509,9.453375375894664,5.03658593982136,11.300890639049163,0.13616489761235992
40,19.88494013,50.09192255,19.874204666574258,50.101607075245525,2024-03-28 08:12:51,1786358199,251.5,2024-03-28 08:17:02,3.0180000000000002,1509,8.202470902187528,5.76275330819571,13.848778684114572,0.0035181074420804984
41,19.88711916,50.09724809,19.921932016463135,50.03481407879335,2024-03-28 08:07:46,1786358199,467.0,2024-03-28 08:15:33,5.604,2802,17.300172180398782,14.396499736797102,21.398492105203715,0.016329464186736902
42,19.87344041,50.08653135,19.941901758623633,50.06816719956396,2024-03-28 07:45:08,1786358199,202.16666666666666,2024-03-28 07:48:30,2.426,1213,13.290166090122764,8.009543571382475,12.188381654097855,0.7505943058246362
43,19.87776622,50.08395937,19.896832819715183,50.023389904983894,2024-03-28 07:59:59,1786358199,46.333333333333336,2024-03-28 08:00:45,0.556,278,17.355451616455955,16.176078082691177,17.86614323306518,0.3750314084534395
44,19.88105879,50.09402245,20.05021858011516,50.07222024546274,2024-03-28 08:10:11,1786358199,282.1666666666667,2024-03-28 08:14:53,3.386,1693,19.320924285658972,,,
45,19.8855627,50.09329903,19.7630542739841,50.11908686112967,2024-03-28 07:55:17,1786358199,251.5,2024-03-28 07:59:28,3.0180000000000002,1509,13.985800902219793,12.973976014968025,18.8395242480574,0.007738925907647467
46,19.88554973,50.09257009,19.940439694625585,50.07221055091952,2024-03-28 07:56:04,1786358199,251.5,2024-03-28 08:00:15,3.0180000000000002,1509,12.952035714187758,7.70071274427708,14.470791202959726,0.17964485312150716
47,19.88908072,50.09388947,20.16084915115359,50.081109841313946,2024-03-28 07:45:55,1786358199,337.8333333333333,2024-03-28 07:51:32,4.054,2027,31.412490714252296,8.176978308236043,31.87433,0.38654958495847797
48,19.87659129,50.09860222,19.905667459513932,50.09311409409152,2024-03-28 08:05:48,1786358199,420.8333333333333,2024-03-28 08:12:48,5.05,2525,11.136507969870348,3.6977589473416734,14.662711879610452,0.028575775754250122
49,19.87753887,50.0984932,19.92604983564809,50.063908405043826,2024-03-28 07:46:34,1786358199,377.1666666666667,2024-03-28 07:52:51,4.526,2263,12.23842605260186,14.773354172854273,13.694757030032852,0.18902913417779357
50,19.88392351,50.09569159,19.971092603205765,50.06354811678362,2024-03-28 08:04:34,1786358199,297.6666666666667,2024-03-28 08:09:31,3.572,1786,15.11556928566704,13.478394210463904,16.919550413504297,0.14136713547875226
51,19.88548271,50.09218852,19.975078302248633,50.03920911861551,2024-03-28 07:59:21,1786358199,251.5,2024-03-28 08:03:32,3.0180000000000002,1509,17.764673796927344,4.971191992415154,18.19198240597592,0.3947691936698845
52,19.87134082,50.09681801,19.846567318060366,50.08497304420286,2024-03-28 08:11:11,1786358199,460.6666666666667,2024-03-28 08:18:51,5.5280000000000005,2764,10.805099022528672,7.681428984910973,13.336625601463728,0.0736773912352368
53,19.88410986,50.09915442,20.07511440092228,50.0994186737882,2024-03-28 07:55:50,1786358199,365.8333333333333,2024-03-28 08:01:55,4.39,2195,24.683737631553047,15.751196278114458,26.194103834536975,0.1808845282305777
54,19.87923017,50.09481357,19.944623309478686,50.09375940213475,2024-03-28 08:13:15,1786358199,340.6666666666667,2024-03-28 08:18:55,4.088,2044,12.901989736797102,14.973433308252178,14.160483834520841,0.22123323383366167
55,19.88928531,50.09340245,19.900280172500075,50.07593397808469,2024-03-28 07:50:30,1786358199,337.8333333333333,2024-03-28 07:56:07,4.054,2027,10.045087368342084,10.52358139093529,9.908114548845736,0.5341897671532504
56,19.88836775,50.08475731,19.81365667690169,49.967735529248124,2024-03-28 07:46:08,1786358199,230.16666666666666,2024-03-28 07:49:58,2.762,1381,29.33062293221231,6.237433684154908,29.200036315780558,0.5326003398383207
57,19.86699158,50.09673342,20.016368682430194,50.04278715927226,2024-03-28 08:01:23,1786358199,407.1666666666667,2024-03-28 08:08:10,4.886,2443,24.40531221796002,13.289328308244112,25.880060187902963,0.18622201836741287
58,19.88940772,50.09234215,19.885468795880367,50.09741493157783,2024-03-28 07:58:56,1786358199,374.6666666666667,2024-03-28 08:05:10,4.496,2248,4.944203496219677,9.735566541317354,13.114087368374351,0.00028297078949288113
59,19.8820528,50.08761066,19.969008628036885,50.01927195725513,2024-03-28 07:45:13,1786358199,139.5,2024-03-28 07:47:32,1.674,837,16.94682199239902,3.154004060106039,17.745394172870405,0.3103310261311591
60,19.88766991,50.09102471,19.992908766754077,50.08477076856696,2024-03-28 08:10:09,1786358199,374.6666666666667,2024-03-28 08:16:23,4.496,2248,16.49391759389501,3.6977589473416734,18.482233195423277,0.12043517767103654
61,19.872702,50.100578,19.965454495667824,50.090546020723934,2024-03-28 07:54:14,1786358199,462.8333333333333,2024-03-28 08:01:56,5.554,2777,20.056396014976094,8.007290413480096,18.95914624056936,0.7497444415650248
62,19.88050831,50.09360496,19.947149505549167,50.06925456517236,2024-03-28 08:01:15,1786358199,312.8333333333333,2024-03-28 08:06:27,3.754,1877,13.050175451081662,10.802017180422984,16.08383169169942,0.04592834821973403
63,19.885816,50.09835476,19.885468795880367,50.09741493157783,2024-03-28 07:45:07,1786358199,393.0,2024-03-28 07:51:40,4.716,2358,7.165894811992168,7.75268045106553,13.334087368374352,0.0020906392801639086
64,19.88615271,50.09701788,19.846567318060366,50.08497304420286,2024-03-28 07:54:08,1786358199,323.0,2024-03-28 07:59:31,3.876,1938,10.8000201879433,10.972076954870055,11.684625601463729,0.29222433391854885
65,19.87698433,50.09664779,19.9291635675951,50.042482897524046,2024-03-28 07:59:26,1786358199,396.1666666666667,2024-03-28 08:06:02,4.7540000000000004,2377,17.736608195407147,4.971191992415154,19.11479045108166,0.20130109612493427
66,19.872702,50.100578,19.940439694625585,50.07221055091952,2024-03-28 08:11:50,1786358199,462.8333333333333,2024-03-28 08:19:32,5.554,2777,15.608490826976327,14.736757969870347,17.006791202959725,0.19808595463050588
67,19.88200414,50.09508515,19.896749805080038,50.092023913249974,2024-03-28 07:46:20,1786358199,283.6666666666667,2024-03-28 07:51:03,3.404,1702,7.225964248049337,15.31147597741486,12.269853157797511,0.006407303113324146
68,19.88720203,50.08449532,19.923458794539304,50.05679640240351,2024-03-28 08:09:23,1786358199,316.1666666666667,2024-03-28 08:14:39,3.794,1897,9.526859774382533,15.247798721780674,14.02771729318735,0.010977628540590525
69,19.87886285,50.09458907,19.95309081186307,50.08310547911931,2024-03-28 07:56:09,1786358199,312.8333333333333,2024-03-28 08:01:21,3.754,1877,13.965661165366225,4.365673721764541,14.729849999999999,0.31773751654548354
70,19.88727629,50.09291179,19.91846245445818,50.062309704373035,2024-03-28 08:02:52,1786358199,273.3333333333333,2024-03-28 08:07:25,3.28,1640,12.095276127764656,8.268155526268663,13.8182247367729,0.15149175393830855
71,19.88824064,50.09191794,19.965454495667824,50.090546020723934,2024-03-28 08:03:35,1786358199,374.6666666666667,2024-03-28 08:09:49,4.496,2248,15.595931766862222,12.547111578870524,18.958128345829543,0.033498034106228
72,19.88478509,50.09857788,19.885304696761647,50.0797397302983,2024-03-28 08:14:15,1786358199,361.8333333333333,2024-03-28 08:20:16,4.342,2171,10.767528796911206,4.1331937217564745,9.94509372174034,0.6947529943568324
73,19.87982502,50.10500806,19.964916843448524,50.081348066156636,2024-03-28 08:08:01,1786358199,506.1666666666667,2024-03-28 08:16:27,6.074000000000001,3037,16.862106954813584,5.03658593982136,18.069879060057637,0.23009548862725607
74,19.87050583,50.09170789,19.956659023107136,50.05414863642009,2024-03-28 07:49:17,1786358199,244.33333333333334,2024-03-28 07:53:21,2.932,1466,18.441027293163152,10.629890338333432,16.09610375935804,0.9125298762492093
75,19.88244844,50.09321935,19.846567318060366,50.08497304420286,2024-03-28 07:47:00,1786358199,295.8333333333333,2024-03-28 07:51:55,3.55,1775,9.58345661652049,4.1331937217564745,11.358625601463729,0.14490069223958807
76,19.872702,50.100578,19.96653300867659,50.056903793509896,2024-03-28 08:13:13,1786358199,462.8333333333333,2024-03-28 08:20:55,5.554,2777,22.092685977382594,,,
77,19.87614472,50.09264841,19.947149505549167,50.06925456517236,2024-03-28 08:11:40,1786358199,277.3333333333333,2024-03-28 08:16:17,3.328,1664,13.91492033830923,6.755401992439352,15.65783169169942,0.14894351597885322
78,19.89160279,50.09483417,19.951125355411474,50.109986737341444,2024-03-28 08:10:33,1786358199,415.3333333333333,2024-03-28 08:17:28,4.984,2492,13.300393721756475,12.742131879674986,23.917437067634424,2.4494355847286916e-05
79,19.87428899,50.0987704,19.938498264089006,50.062474167174344,2024-03-28 07:57:34,1786358199,421.8333333333333,2024-03-28 08:04:35,5.062,2531,14.326086014871224,25.548273571390542,14.613210789358627,0.4287079151351498
80,19.88657029,50.08511129,19.89025801381177,50.09184543984393,2024-03-28 07:45:32,1786358199,316.1666666666667,2024-03-28 07:50:48,3.794,1897,6.655447255601919,11.085604323284738,12.296773308219912,0.003535615308444511
81,19.872702,50.100578,19.93496794093207,50.094744494355375,2024-03-28 07:58:36,1786358199,462.8333333333333,2024-03-28 08:06:18,5.554,2777,12.606624962333903,4.63747436082177,14.964231014959962,0.08646309866808743
82,19.87941672,50.08438073,19.896749805080038,50.092023913249974,2024-03-28 07:50:19,1786358199,46.333333333333336,2024-03-28 07:51:05,0.556,278,10.123037330716315,16.438113233024843,9.42185315779751,0.6684502662385834
83,19.88657029,50.08511129,19.93822362825267,50.049209082554,2024-03-28 08:05:36,1786358199,316.1666666666667,2024-03-28 08:10:52,3.794,1897,11.837220075082133,10.972076954870055,15.988922067642488,0.015493773446432144
84,19.87229284,50.09069797,19.846567318060366,50.08497304420286,2024-03-28 07:46:09,1786358199,244.33333333333334,2024-03-28 07:50:13,2.932,1466,11.194609360862103,13.77947654132542,10.740625601463728,0.61158598989597
85,19.86979576,50.09780478,19.946976008268066,50.05173995678817,2024-03-28 07:52:49,1786358199,460.6666666666667,2024-03-28 08:00:29,5.5280000000000005,2764,14.619793458601976,9.0985150375693,16.470486541325425,0.1357915416944908
86,19.8796946,50.10571577,19.938498264089006,50.062474167174344,2024-03-28 07:54:17,1786358199,499.8333333333333,2024-03-28 08:02:36,5.998,2999,12.241253082586312,13.623044022520606,15.549210789358627,0.03529919979174011
87,19.87857315,50.08521845,19.92168228026507,50.028237756414214,2024-03-28 07:53:50,1786358199,121.33333333333333,2024-03-28 07:55:51,1.456,728,17.986840638944294,3.6977589473416734,18.210773533732507,0.4442495533777969
88,19.88164876,50.10436557,19.81365667690169,49.967735529248124,2024-03-28 08:11:25,1786358199,482.0,2024-03-28 08:19:27,5.784,2892,32.45771759397569,14.744672706723915,32.942036315780555,0.38123284187635575
89,19.88976901,50.08205296,19.9291635675951,50.042482897524046,2024-03-28 07:55:26,1786358199,140.16666666666666,2024-03-28 07:57:46,1.682,841,10.541670827000527,4.1331937217564745,15.009291240520959,0.011344415666342885
90,19.88916641,50.09307069,20.019768573918242,50.01927545948001,2024-03-28 07:51:17,1786358199,337.8333333333333,2024-03-28 07:56:54,4.054,2027,22.142144999959665,5.76275330819571,22.149903233065174,0.4980604514520945
91,19.87652696,50.08366096,19.893211100346466,50.07746837869586,2024-03-28 08:06:33,1786358199,46.333333333333336,2024-03-28 08:07:19,0.556,278,7.5871894735780705,3.6977589473416734,8.020625187870698,0.3933062138453299
92,19.87813476,50.09862222,19.971092603205765,50.06354811678362,2024-03-28 08:11:28,1786358199,377.1666666666667,2024-03-28 08:17:45,4.526,2263,16.53187665408979,9.735566541317354,16.373550413504297,0.5394990836503856
93,19.88226659,50.09680023,19.929784097900736,50.06302852505976,2024-03-28 07:58:45,1786358199,320.6666666666667,2024-03-28 08:04:05,3.8480000000000003,1924,10.581577030024786,11.809678082691178,12.263974624032736,0.1567782488734349
94,19.88195499,50.09260556,19.931234427840387,50.01286261264468,2024-03-28 08:06:38,1786358199,295.8333333333333,2024-03-28 08:11:33,3.55,1775,18.12906541347203,12.634891879674989,19.265453270618345,0.24298417190924693
95,19.88443483,50.08415619,19.938498264089006,50.062474167174344,2024-03-28 07:48:39,1786358199,160.5,2024-03-28 07:51:19,1.926,963,9.910845413342962,8.009543571382475,11.477210789358626,0.17273515358503508
96,19.87227694,50.09653105,19.91846245445818,50.062309704373035,2024-03-28 07:53:54,1786358199,460.6666666666667,2024-03-28 08:01:34,5.5280000000000005,2764,10.52386849621161,12.24233729321155,16.066224736772902,0.0039020006357067013
97,19.88281618,50.09811686,19.956319315310267,50.06798740392809,2024-03-28 07:47:46,1786358199,361.8333333333333,2024-03-28 07:53:47,4.342,2171,13.646183233057112,3.154004060106039,17.4681496616343,0.021416039694073706
98,19.88932902,50.09215438,19.92588842901963,50.09381953241741,2024-03-28 07:51:03,1786358199,374.6666666666667,2024-03-28 07:57:17,4.496,2248,10.916731315724089,6.1330457894392945,15.529864661585902,0.009823231439839852
99,19.87776622,50.08395937,19.885468795880367,50.09741493157783,2024-03-28 07:57:25,1786358199,46.333333333333336,2024-03-28 07:58:11,0.556,278,7.761492030000585,6.027381127796925,9.174087368374352,0.19582502607176255
100,19.87274434,50.0996992,19.896749805080038,50.092023913249974,2024-03-28 07:55:28,1786358199,439.6666666666667,2024-03-28 08:02:47,5.276,2638,9.682573120212078,5.500981315740224,14.141853157797511,0.011438341242598042
101,19.88763029,50.09730264,19.846567318060366,50.08497304420286,2024-03-28 07:49:22,1786358199,467.0,2024-03-28 07:57:09,5.604,2802,12.825393496211609,9.047482443553285,13.412625601463729,0.3572701895958504
102,19.88052197,50.08985065,19.93413050269897,50.0344897415598,2024-03-28 08:01:54,1786358199,198.83333333333334,2024-03-28 08:05:12,2.386,1193,15.813212932301047,12.742131879674986,15.983140714268428,0.4576199839705999
103,19.86979576,50.09780478,19.896749805080038,50.092023913249974,2024-03-28 08:00:48,1786358199,460.6666666666667,2024-03-28 08:08:28,5.5280000000000005,2764,7.520388909691704,12.742131879674986,14.393853157797512,0.0010338158653075994
104,19.88219142,50.09211959,19.896749805080038,50.092023913249974,2024-03-28 08:14:38,1786358199,221.83333333333334,2024-03-28 08:18:19,2.662,1331,8.534732969886479,6.027381127796925,12.004837029992517,0.03017493607945246
105,19.86946334,50.09075519,19.896749805080038,50.092023913249974,2024-03-28 08:03:17,1786358199,364.5,2024-03-28 08:09:21,4.374,2187,11.221823909651379,7.681428984910973,13.716837029992517,0.07620851911094431
106,19.88744818,50.09561107,19.885468795880367,50.09741493157783,2024-03-28 08:08:53,1786358199,281.8333333333333,2024-03-28 08:13:34,3.382,1691,4.613727969902614,13.746600037561235,12.000087368374352,0.0006192640170575452
107,19.88554973,50.09257009,19.930084475294397,50.069024028569096,2024-03-28 07:59:57,1786358199,251.5,2024-03-28 08:04:08,3.0180000000000002,1509,11.260959623992402,4.63747436082177,11.298984924772668,0.490494820090917
108,19.87842056,50.09925891,19.951696970597375,49.984343584244556,2024-03-28 07:54:42,1786358199,377.1666666666667,2024-03-28 08:00:59,4.526,2263,32.39999853380512,15.307547706723915,27.62853308265891,0.9916031425880966
109,19.88394891,50.10227086,19.846567318060366,50.08497304420286,2024-03-28 07:54:19,1786358199,422.1666666666667,2024-03-28 08:01:21,5.066000000000001,2533,10.322725037569299,10.727696278154792,12.874625601463729,0.0722989075004866
110,19.87777154,50.09371446,19.932209163191157,50.05661243642661,2024-03-28 07:51:47,1786358199,277.3333333333333,2024-03-28 07:56:24,3.328,1664,14.942544248017073,30.046432142829488,12.768718345821478,0.8978743209911768
111,19.88923817,50.09191875,20.043138745694055,50.08056768215155,2024-03-28 08:05:33,1786358199,374.6666666666667,2024-03-28 08:11:47,4.496,2248,15.693455187927164,19.645206503748057,20.44153853378897,0.00859379983348534
112,19.88150553,50.09494372,19.93257165630576,50.06578127539359,2024-03-28 08:13:12,1786358199,283.6666666666667,2024-03-28 08:17:55,3.404,1702,10.188076466130358,8.176978308236043,11.628534210496172,0.19147447423268224
113,19.88113091,50.08806042,19.896749805080038,50.092023913249974,2024-03-28 07:50:37,1786358199,139.5,2024-03-28 07:52:56,1.674,837,7.833822744260948,,,
114,19.87741563,50.08379895,19.909705443399535,50.071701286063636,2024-03-28 07:49:47,1786358199,46.333333333333336,2024-03-28 07:50:33,0.556,278,7.393053345773076,16.229971729309053,7.602354962382299,0.447864781715981
115,19.872702,50.100578,19.969008628036885,50.01927195725513,2024-03-28 07:47:50,1786358199,462.8333333333333,2024-03-28 07:55:32,5.554,2777,21.946860075122466,14.007087443593615,21.625394172870408,0.5796814621598977
116,19.88290554,50.09364031,19.923171952469623,50.08021759943809,2024-03-28 07:51:04,1786358199,272.0,2024-03-28 07:55:36,3.2640000000000002,1632,13.137243082650844,30.046432142829488,14.797226240520958,0.1597642578121619
117,19.87382093,50.08999024,19.89025801381177,50.09184543984393,2024-03-28 08:07:51,1786358199,244.33333333333334,2024-03-28 08:11:55,2.932,1466,9.35870225557772,3.538296879674987,11.434773308219912,0.11144443550527433
118,19.88637136,50.101115,19.874204666574258,50.101607075245525,2024-03-28 08:14:22,1786358199,414.6666666666667,2024-03-28 08:21:16,4.976,2488,8.821759699147137,3.6977589473416734,15.80677868411457,0.0009247896954747419
119,19.88195499,50.09260556,19.931234427840387,50.01286261264468,2024-03-28 07:49:50,1786358199,295.8333333333333,2024-03-28 07:54:45,3.55,1775,18.12906541347203,12.93680244353715,19.265453270618345,0.24298417190924693
120,19.88864474,50.09978823,20.006285715904397,50.077821947252225,2024-03-28 08:11:02,1786358199,449.6666666666667,2024-03-28 08:18:31,5.396,2698,19.716809323268606,4.1331937217564745,19.70905785708178,0.5019378568436684
121,19.88126722,50.08402311,19.909705443399535,50.071701286063636,2024-03-28 08:01:42,1786358199,46.333333333333336,2024-03-28 08:02:28,0.556,278,6.647327180390717,6.312819924756532,7.602354962382299,0.2778748193705823
122,19.89000052,50.09511363,19.81365667690169,49.967735529248124,2024-03-28 07:53:38,1786358199,415.3333333333333,2024-03-28 08:00:33,4.984,2492,28.688796503723857,13.623044022520606,31.42203631578056,0.06104021095979596
123,19.872702,50.100578,19.91889755499071,50.09845420799526,2024-03-28 08:01:39,1786358199,462.8333333333333,2024-03-28 08:09:21,5.554,2777,13.60600943603297,12.93680244353715,19.003684924700067,0.004506689798675462
124,19.872702,50.100578,19.92604983564809,50.063908405043826,2024-03-28 07:48:31,1786358199,462.8333333333333,2024-03-28 07:56:13,5.554,2777,13.837702255585786,3.6977589473416734,14.722757030032854,0.2921314016032712
125,19.88032939,50.09735048,19.909705443399535,50.071701286063636,2024-03-28 08:10:48,1786358199,369.6666666666667,2024-03-28 08:16:57,4.436,2218,9.75833436087017,10.972076954870055,11.4823549623823,0.15135400934959758
126,19.88178035,50.10009146,19.914635113529016,50.04779141022027,2024-03-28 07:58:24,1786358199,375.0,2024-03-28 08:04:39,4.5,2250,17.378433834545042,10.972076954870055,18.405302330788917,0.2636916617398593
127,19.87904874,50.08382853,19.8944574398021,50.00234556464199,2024-03-28 08:04:03,1786358199,46.333333333333336,2024-03-28 08:04:49,0.556,278,,14.365528233016779,,
128,19.872702,50.100578,19.936757380804103,50.067134571555755,2024-03-28 07:48:11,1786358199,462.8333333333333,2024-03-28 07:55:53,5.554,2777,18.93442045105746,10.828238233016778,13.96127906013024,0.9931262049710455
129,19.88583674,50.08531431,19.896749805080038,50.092023913249974,2024-03-28 07:47:54,1786358199,316.1666666666667,2024-03-28 07:53:10,3.794,1897,14.258278796943475,13.345578420984278,12.659853157797512,0.8317982314585529
130,19.86972608,50.09211312,19.952184584477106,50.02572924887218,2024-03-28 08:11:22,1786358199,364.5,2024-03-28 08:17:26,4.374,2187,7.168596578838254,12.664308195471676,17.412272744309348,3.5580538296887494e-05
131,19.88275546,50.09273452,19.95318585199058,50.06650806917316,2024-03-28 08:09:51,1786358199,295.8333333333333,2024-03-28 08:14:46,3.55,1775,18.659069811943766,8.473154812000233,13.700909774414802,0.9930231748449233
132,19.86946334,50.09075519,19.930973165459715,50.026588448785624,2024-03-28 07:56:40,1786358199,364.5,2024-03-28 08:02:44,4.374,2187,13.166563157845907,14.779129398455604,18.82298507514666,0.0034828274692201974
133,19.88167147,50.0849322,20.007755208269458,50.09150013954137,2024-03-28 08:05:42,1786358199,355.5,2024-03-28 08:11:37,4.266,2133,20.022945187870704,4.971191992415154,17.662118684138775,0.9137909373096831
134,19.87253524,50.09700807,20.01145369249892,50.08336691391546,2024-03-28 07:54:25,1786358199,460.6666666666667,2024-03-28 08:02:05,5.5280000000000005,2764,13.47045804502508,33.07130857139054,17.601833872122405,0.01580689590812028
135,19.8855818,50.10137253,19.91223597976861,50.08584031584903,2024-03-28 07:51:18,1786358199,410.1666666666667,2024-03-28 07:58:08,4.922000000000001,2461,14.742015037520899,4.971191992415154,13.204890639049163,0.8230463084788314
136,19.88870534,50.09511034,19.885468795880367,50.09741493157783,2024-03-28 07:56:29,1786358199,337.8333333333333,2024-03-28 08:02:06,4.054,2027,10.227486616488221,12.547111578870524,12.672087368374351,0.07983428339536171
137,19.88261663,50.10067769,20.03412358717123,50.06704852280757,2024-03-28 08:05:59,1786358199,375.0,2024-03-28 08:12:14,4.5,2250,2.817422744349681,9.098744022464139,22.11785409765114,4.1488636584053205e-09
138,19.8703257,50.09958809,19.92604983564809,50.063908405043826,2024-03-28 07:58:43,1786358199,532.3333333333334,2024-03-28 08:07:35,6.388000000000001,3194,21.011358007439647,4.1331937217564745,15.556757030032854,0.9957416283847105
139,19.88102601,50.10547806,19.925828223725688,50.075653280432284,2024-03-28 07:46:10,1786358199,495.1666666666667,2024-03-28 07:54:25,5.942,2971,11.846419511236103,4.1331937217564745,15.848750526252529,0.017945084155490187
140,19.88928531,50.09340245,19.919436018510833,50.085962925378524,2024-03-28 08:06:27,1786358199,337.8333333333333,2024-03-28 08:12:04,4.054,2027,12.300064699179401,13.478394210463904,15.309681466138423,0.04699330576578192
141,19.87799115,50.08485944,19.92604983564809,50.063908405043826,2024-03-28 07:45:56,1786358199,121.33333333333333,2024-03-28 07:47:57,1.456,728,7.729748947333608,3.6977589473416734,10.624757030032853,0.0524008837660341
142,19.8812018,50.08374207,19.896749805080038,50.092023913249974,2024-03-28 07:55:55,1786358199,46.333333333333336,2024-03-28 07:56:41,0.556,278,11.409441616431756,12.664308195471676,9.42185315779751,0.8794877744237716
143,19.87447073,50.09084066,19.896749805080038,50.092023913249974,2024-03-28 08:14:59,1786358199,244.33333333333334,2024-03-28 08:19:03,2.932,1466,7.057327330748583,5.89432642852879,12.274837029992518,0.005391585015637177
144,19.8855818,50.10137253,19.929784097900736,50.06302852505976,2024-03-28 08:02:19,1786358199,410.1666666666667,2024-03-28 08:09:09,4.922000000000001,2461,9.790812969846145,14.028634661618169,13.337974624032737,0.027999718046303395
145,19.87486133,50.08958136,19.96285314488492,50.06240333080091,2024-03-28 08:00:07,1786358199,244.33333333333334,2024-03-28 08:04:11,2.932,1466,11.056340075146666,4.971191992415154,14.57758139093529,0.028713856150122175
146,19.86995148,50.09887383,19.95211908164373,50.056008909455784,2024-03-28 07:50:36,1786358199,532.3333333333334,2024-03-28 07:59:28,6.388000000000001,3194,16.16277812021208,,,
147,19.88050831,50.09360496,19.9221908362503,50.072998446130335,2024-03-28 07:50:31,1786358199,312.8333333333333,2024-03-28 07:55:43,3.754,1877,16.528382857089845,8.176978308236043,11.344039060130239,0.9944276129809693
148,19.88115321,50.09449639,19.971092603205765,50.06354811678362,2024-03-28 08:02:29,1786358199,282.1666666666667,2024-03-28 08:07:11,3.386,1693,10.011007819512482,9.184720375886597,16.733550413504297,0.0012020277642347476
149,19.8849637,50.08405048,19.9040061349451,50.08511392113392,2024-03-28 08:06:15,1786358199,316.1666666666667,2024-03-28 08:11:31,3.794,1897,14.510811842065355,8.268155526268663,14.36220236835015,0.5370841439535096
150,19.88836775,50.08475731,19.896749805080038,50.092023913249974,2024-03-28 07:49:10,1786358199,230.16666666666666,2024-03-28 07:53:00,2.762,1381,9.50346244346455,3.6977589473416734,11.627853157797512,0.10674867748520198
151,19.88744818,50.09561107,19.89025801381177,50.09184543984393,2024-03-28 07:54:46,1786358199,281.8333333333333,2024-03-28 07:59:27,3.382,1691,7.6263510149438245,4.1331937217564745,11.884773308219911,0.013947321550979054
152,19.88311895,50.10366236,19.947149505549167,50.06925456517236,2024-03-28 07:45:04,1786358199,422.1666666666667,2024-03-28 07:52:06,5.066000000000001,2533,,13.893015639041092,,
153,19.88410986,50.09915442,19.885468795880367,50.09741493157783,2024-03-28 08:02:42,1786358199,365.8333333333333,2024-03-28 08:08:47,4.39,2195,3.74448451126837,3.6977589473416734,13.008087368374351,9.480412227620794e-05
154,19.88094235,50.09496712,19.95211908164373,50.056008909455784,2024-03-28 07:57:25,1786358199,282.1666666666667,2024-03-28 08:02:07,3.386,1693,13.994639887179167,12.786009210496173,15.808330714236162,0.14019264726968383
155,19.88089372,50.10458828,19.952184584477106,50.02572924887218,2024-03-28 07:50:42,1786358199,482.0,2024-03-28 07:58:44,5.784,2892,4.181619812016368,,,
156,19.872702,50.100578,19.91846245445818,50.062309704373035,2024-03-28 08:05:53,1786358199,462.8333333333333,2024-03-28 08:13:35,5.554,2777,16.26540687965885,8.268155526268663,16.0922247367729,0.5431876491113886
157,19.88508435,50.09509365,19.896749805080038,50.092023913249974,2024-03-28 08:03:10,1786358199,281.8333333333333,2024-03-28 08:07:51,3.382,1691,19.81069860898404,3.6977589473416734,12.247853157797511,0.999480874405892
158,19.8812018,50.08374207,19.807202104215307,50.068218462175565,2024-03-28 07:51:37,1786358199,46.333333333333336,2024-03-28 07:52:23,0.556,278,15.930208571382476,3.6977589473416734,22.19586706764249,0.0018968566563385724
159,19.88850353,50.09264239,19.99966176410213,50.09904757947195,2024-03-28 07:47:43,1786358199,273.3333333333333,2024-03-28 07:52:16,3.28,1640,7.530055789423158,5.89432642852879,20.143329774358335,3.3275398443776924e-06
160,19.87911822,50.08408685,19.896749805080038,50.092023913249974,2024-03-28 07:52:37,1786358199,46.333333333333336,2024-03-28 07:53:23,0.556,278,19.774796165350093,8.009543571382475,9.42185315779751,0.9999681022443299
161,19.88583674,50.08531431,19.89025801381177,50.09184543984393,2024-03-28 07:47:36,1786358199,316.1666666666667,2024-03-28 07:52:52,3.794,1897,18.34025251869995,4.971191992415154,12.296773308219912,0.9976323317905929
162,19.88153589,50.09376942,19.900957039209576,50.0195528675999,2024-03-28 07:49:27,1786358199,295.8333333333333,2024-03-28 07:54:22,3.55,1775,7.932565375846262,8.658615789439295,20.68503199244742,2.8951619368519646e-06
163,19.872702,50.100578,19.938498264089006,50.062474167174344,2024-03-28 07:53:44,1786358199,462.8333333333333,2024-03-28 08:01:26,5.554,2777,6.772535187919099,10.52358139093529,15.105210789358626,0.00024046978746775546
164,19.88981709,50.09623979,19.941901758623633,50.06816719956396,2024-03-28 07:53:41,1786358199,453.0,2024-03-28 08:01:14,5.436,2718,19.335857593943416,10.503456654097855,15.198381654097856,0.9842877240115189
165,19.872702,50.100578,19.885468795880367,50.09741493157783,2024-03-28 07:47:29,1786358199,462.8333333333333,2024-03-28 07:55:11,5.554,2777,15.247185526171865,4.971191992415154,14.172087368374351,0.7455652348851638
166,19.87614472,50.09264841,19.861627876692246,50.07843978555805,2024-03-28 08:02:34,1786358199,277.3333333333333,2024-03-28 08:07:11,3.328,1664,12.800209811976035,4.63747436082177,14.026565827024728,0.226819844625982
167,19.87674779,50.09040084,19.895332660090357,50.08589444983672,2024-03-28 08:05:59,1786358199,198.83333333333334,2024-03-28 08:09:17,2.386,1193,7.90187048868323,,,
168,19.87962811,50.09772205,19.94054876228438,50.02416084611265,2024-03-28 08:05:24,1786358199,377.1666666666667,2024-03-28 08:11:41,4.526,2263,13.784983045081548,,,
169,19.88735007,50.09673281,19.89175386495684,50.07333677705641,2024-03-28 08:08:02,1786358199,467.0,2024-03-28 08:15:49,5.604,2802,7.797887142797217,,,
170,19.88940772,50.09234215,19.930973165459715,50.026588448785624,2024-03-28 08:09:26,1786358199,374.6666666666667,2024-03-28 08:15:40,4.496,2248,19.674108984878703,,,
171,19.88050831,50.09360496,19.947557840848475,50.03890114836852,2024-03-28 07:53:15,1786358199,312.8333333333333,2024-03-28 07:58:27,3.754,1877,8.450005827008592,,,
172,19.872702,50.100578,19.956659023107136,50.05414863642009,2024-03-28 07:55:15,1786358199,462.8333333333333,2024-03-28 08:02:57,5.554,2777,17.571192330748584,,,
173,19.88583674,50.08531431,19.893211100346466,50.07746837869586,2024-03-28 07:55:34,1786358199,316.1666666666667,2024-03-28 08:00:50,3.794,1897,16.30447759390308,,,
174,19.88756709,50.09907107,19.908672905075143,50.06789917678694,2024-03-28 07:56:48,1786358199,449.6666666666667,2024-03-28 08:04:17,5.396,2698,19.73510349617128,,,
175,19.8812018,50.08374207,19.861627876692246,50.07843978555805,2024-03-28 07:56:15,1786358199,46.333333333333336,2024-03-28 07:57:01,0.556,278,7.31134439836687,,,
176,19.8781585,50.08391223,19.91873239637311,50.01376946390524,2024-03-28 08:01:46,1786358199,46.333333333333336,2024-03-28 08:02:32,0.556,278,8.686668120260478,,,
177,19.8857699,50.09324238,19.919218561290172,50.06586308005565,2024-03-28 07:55:29,1786358199,251.5,2024-03-28 07:59:40,3.0180000000000002,1509,9.193361729292922,,,
178,19.8822496,50.09703736,19.900435359165712,50.10506673933658,2024-03-28 08:11:15,1786358199,323.0,2024-03-28 08:16:38,3.876,1938,18.087106240480626,,,
179,19.88657029,50.08511129,19.908672905075143,50.06789917678694,2024-03-28 07:46:19,1786358199,316.1666666666667,2024-03-28 07:51:35,3.794,1897,10.559845676634597,,,
180,19.88075274,50.08899889,19.941901758623633,50.06816719956396,2024-03-28 08:04:59,1786358199,198.83333333333334,2024-03-28 08:08:17,2.386,1193,7.387494285691237,,,
181,19.87461858,50.08663884,19.965454495667824,50.090546020723934,2024-03-28 07:46:33,1786358199,202.16666666666666,2024-03-28 07:49:55,2.426,1213,7.795319661561699,,,
182,19.87958674,50.08485934,19.98485702298316,50.08796386842873,2024-03-28 07:48:42,1786358199,121.33333333333333,2024-03-28 07:50:43,1.456,728,12.125181127732397,,,
183,19.88393288,50.09520492,19.846567318060366,50.08497304420286,2024-03-28 07:50:03,1786358199,287.6666666666667,2024-03-28 07:54:50,3.452,1726,14.846097029976388,,,
184,19.88657029,50.08511129,19.925828223725688,50.075653280432284,2024-03-28 07:53:33,1786358199,316.1666666666667,2024-03-28 07:58:49,3.794,1897,12.955972330700186,,,
185,19.87860154,50.08544481,19.938498264089006,50.062474167174344,2024-03-28 07:52:53,1786358199,121.33333333333333,2024-03-28 07:54:54,1.456,728,10.101165526276729,,,
186,19.87309217,50.09873941,19.93562969314135,50.087582303139854,2024-03-28 07:51:53,1786358199,420.0,2024-03-28 07:58:53,5.04,2520,10.400614999854799,,,
187,19.88562189,50.0845492,19.880253002996724,50.066753530178076,2024-03-28 08:10:19,1786358199,316.1666666666667,2024-03-28 08:15:35,3.794,1897,11.184648157716843,,,
188,19.88706686,50.09194465,19.874204666574258,50.101607075245525,2024-03-28 07:50:22,1786358199,273.3333333333333,2024-03-28 07:54:55,3.28,1640,12.91725830821991,,,
189,19.88264973,50.08570884,19.94209543157297,50.05572405520134,2024-03-28 07:59:52,1786358199,94.16666666666667,2024-03-28 08:01:26,1.1300000000000001,565,12.65617815775718,,,
190,19.872702,50.100578,19.885468795880367,50.09741493157783,2024-03-28 08:12:26,1786358199,462.8333333333333,2024-03-28 08:20:08,5.554,2777,9.244572518716083,,,
191,19.87799115,50.08485944,19.956659023107136,50.05414863642009,2024-03-28 08:02:52,1786358199,121.33333333333333,2024-03-28 08:04:53,1.456,728,10.707385150325598,,,
192,19.872702,50.100578,19.885468795880367,50.09741493157783,2024-03-28 07:56:12,1786358199,462.8333333333333,2024-03-28 08:03:54,5.554,2777,7.90187048868323,,,
193,19.88562189,50.0845492,19.940439694625585,50.07221055091952,2024-03-28 08:06:38,1786358199,316.1666666666667,2024-03-28 08:11:54,3.794,1897,15.404788345756943,,,
194,19.88744818,50.09561107,19.929784097900736,50.06302852505976,2024-03-28 08:02:26,1786358199,281.8333333333333,2024-03-28 08:07:07,3.382,1691,,,,
195,19.87779852,50.09795,19.952747454763085,50.01722239478165,2024-03-28 08:08:33,1786358199,396.1666666666667,2024-03-28 08:15:09,4.7540000000000004,2377,7.90187048868323,,,
196,19.87855699,50.08379694,19.901030100385878,50.08029795327047,2024-03-28 08:03:57,1786358199,46.333333333333336,2024-03-28 08:04:43,0.556,278,11.641163157741044,,,
197,19.88562189,50.0845492,19.91223597976861,50.08584031584903,2024-03-28 08:13:51,1786358199,316.1666666666667,2024-03-28 08:19:07,3.794,1897,11.681019172894606,,,
198,19.88386796,50.10031315,19.913369446744525,50.00420819012255,2024-03-28 08:07:08,1786358199,377.0,2024-03-28 08:13:25,4.524,2262,18.536531917268487,,,
199,19.88543723,50.10169798,19.900280172500075,50.07593397808469,2024-03-28 08:09:11,1786358199,426.5,2024-03-28 08:16:17,5.118,2559,6.729960751765126,,,
200,19.88676769,50.09305533,19.941532571499973,50.04104459668561,2024-03-28 07:52:36,1786358199,273.3333333333333,2024-03-28 07:57:09,3.28,1640,7.89532327060221,,,
201,19.8836332,50.09661776,19.846567318060366,50.08497304420286,2024-03-28 07:53:42,1786358199,320.6666666666667,2024-03-28 07:59:02,3.8480000000000003,1924,,,,
202,19.87340951,50.0984125,20.009873824321133,50.034131668100216,2024-03-28 08:04:35,1786358199,408.3333333333333,2024-03-28 08:11:23,4.8999999999999995,2450,21.208925977430994,,,
203,19.88916641,50.09307069,19.952747454763085,50.01722239478165,2024-03-28 07:59:06,1786358199,337.8333333333333,2024-03-28 08:04:43,4.054,2027,8.632399436049102,,,
204,19.87796121,50.08658955,19.896832819715183,50.023389904983894,2024-03-28 07:51:53,1786358199,130.0,2024-03-28 07:54:03,1.56,780,15.175372067594084,,,
205,19.8855049,50.08394869,19.93730404614246,50.10757066294081,2024-03-28 08:02:33,1786358199,316.1666666666667,2024-03-28 08:07:49,3.794,1897,9.467206015016426,,,
206,19.87825706,50.08426901,19.951528452088738,50.06393838914402,2024-03-28 07:47:52,1786358199,46.333333333333336,2024-03-28 07:48:38,0.556,278,22.78858334583761,,,
207,19.8791102,50.08355152,20.007755208269458,50.09150013954137,2024-03-28 07:55:55,1786358199,46.333333333333336,2024-03-28 07:56:41,0.556,278,17.384466390943356,,,
208,19.872702,50.100578,19.944623309478686,50.09375940213475,2024-03-28 08:12:42,1786358199,462.8333333333333,2024-03-28 08:20:24,5.554,2777,19.03650109014696,,,
209,19.8812018,50.08374207,19.883868770254324,50.08617267989062,2024-03-28 08:00:19,1786358199,46.333333333333336,2024-03-28 08:01:05,0.556,278,15.5546048119841,,,
210,19.88924037,50.09624982,19.938498264089006,50.062474167174344,2024-03-28 07:58:15,1786358199,453.0,2024-03-28 08:05:48,5.436,2718,11.340045263057698,,,
211,19.88548271,50.09218852,19.97750499776451,50.05787688227596,2024-03-28 08:14:24,1786358199,251.5,2024-03-28 08:18:35,3.0180000000000002,1509,12.70158300743158,,,
212,19.88899319,50.0949099,19.81365667690169,49.967735529248124,2024-03-28 07:54:50,1786358199,337.8333333333333,2024-03-28 08:00:27,4.054,2027,13.26887778189478,,,
213,19.88311895,50.10366236,19.952184584477106,50.02572924887218,2024-03-28 07:57:18,1786358199,422.1666666666667,2024-03-28 08:04:20,5.066000000000001,2533,6.160876390919157,,,
214,19.88311895,50.10366236,19.861627876692246,50.07843978555805,2024-03-28 08:08:53,1786358199,422.1666666666667,2024-03-28 08:15:55,5.066000000000001,2533,13.392421240480623,,,
215,19.86725731,50.09555234,19.883868770254324,50.08617267989062,2024-03-28 07:56:00,1786358199,407.1666666666667,2024-03-28 08:02:47,4.886,2443,17.543807518732216,,,
216,19.8863126,50.09278045,19.909705443399535,50.071701286063636,2024-03-28 08:12:04,1786358199,273.3333333333333,2024-03-28 08:16:37,3.28,1640,28.987947781918983,,,
217,19.87821812,50.08413273,19.95309081186307,50.08310547911931,2024-03-28 08:09:27,1786358199,46.333333333333336,2024-03-28 08:10:13,0.556,278,18.402390150349802,,,
218,19.87821812,50.08413273,19.916389654045158,50.091967584235206,2024-03-28 08:04:30,1786358199,46.333333333333336,2024-03-28 08:05:16,0.556,278,12.82098778192705,,,
219,19.88932902,50.09215438,19.89175386495684,50.07333677705641,2024-03-28 08:11:34,1786358199,374.6666666666667,2024-03-28 08:17:48,4.496,2248,6.190964135293039,,,
220,19.88657029,50.08511129,19.954224567399343,50.04563548823089,2024-03-28 08:03:12,1786358199,316.1666666666667,2024-03-28 08:08:28,3.794,1897,11.140787142797215,,,
221,19.88871608,50.09317837,19.98103240792776,49.98261092568226,2024-03-28 07:54:38,1786358199,337.8333333333333,2024-03-28 08:00:15,4.054,2027,11.381204962341966,,,
222,19.8881878,50.09492683,19.916389654045158,50.091967584235206,2024-03-28 08:02:30,1786358199,281.8333333333333,2024-03-28 08:07:11,3.382,1691,9.513521879610451,,,
223,19.88583674,50.08531431,19.964916843448524,50.081348066156636,2024-03-28 07:52:14,1786358199,316.1666666666667,2024-03-28 07:57:30,3.794,1897,7.161247405943651,,,
224,19.88178035,50.10009146,19.885304696761647,50.0797397302983,2024-03-28 08:10:58,1786358199,375.0,2024-03-28 08:17:13,4.5,2250,12.257363759261239,,,
225,19.88657029,50.08511129,19.96285314488492,50.06240333080091,2024-03-28 08:13:48,1786358199,316.1666666666667,2024-03-28 08:19:04,3.794,1897,25.85153556387023,,,
226,19.88827732,50.09525843,19.938498264089006,50.062474167174344,2024-03-28 07:57:34,1786358199,281.8333333333333,2024-03-28 08:02:15,3.382,1691,8.667557218008417,,,
227,19.88176456,50.09644886,19.923458794539304,50.05679640240351,2024-03-28 08:04:32,1786358199,328.6666666666667,2024-03-28 08:10:00,3.9440000000000004,1972,11.372471616399489,,,
228,19.87538461,50.0979591,19.936757380804103,50.067134571555755,2024-03-28 07:54:38,1786358199,420.8333333333333,2024-03-28 08:01:38,5.05,2525,7.401871014976089,,,
229,19.88426607,50.10086275,19.874204666574258,50.101607075245525,2024-03-28 08:09:57,1786358199,410.1666666666667,2024-03-28 08:16:47,4.922000000000001,2461,12.139445864537562,,,
230,19.88270143,50.09597447,19.916133429658977,50.055493041678496,2024-03-28 08:09:40,1786358199,297.6666666666667,2024-03-28 08:14:37,3.572,1786,13.44074560138306,,,
231,19.88404754,50.08889669,19.846567318060366,50.08497304420286,2024-03-28 08:08:08,1786358199,185.0,2024-03-28 08:11:13,2.22,1110,10.854984624032735,,,
232,19.88059051,50.08902604,19.909705443399535,50.071701286063636,2024-03-28 08:08:54,1786358199,198.83333333333334,2024-03-28 08:12:12,2.386,1193,12.680929811959903,,,
233,19.87320029,50.09997421,19.900435359165712,50.10506673933658,2024-03-28 07:50:50,1786358199,439.6666666666667,2024-03-28 07:58:09,5.276,2638,7.490672819464081,,,
234,19.88652967,50.0951029,19.92604983564809,50.063908405043826,2024-03-28 08:05:04,1786358199,281.8333333333333,2024-03-28 08:09:45,3.382,1691,13.937313458610046,,,
235,19.88780818,50.09851125,19.9221908362503,50.072998446130335,2024-03-28 08:11:26,1786358199,467.0,2024-03-28 08:19:13,5.604,2802,8.753380413512364,,,
236,19.88443483,50.08415619,20.06400505456663,49.972753688256766,2024-03-28 07:52:31,1786358199,160.5,2024-03-28 07:55:11,1.926,963,9.409154436016834,,,
237,19.872702,50.100578,19.956659023107136,50.05414863642009,2024-03-28 08:14:46,1786358199,462.8333333333333,2024-03-28 08:22:28,5.554,2777,11.464412631544983,,,
238,19.88027894,50.10462888,19.88341627091129,50.07447126950964,2024-03-28 08:13:44,1786358199,598.5,2024-03-28 08:23:42,7.182,3591,10.288086353357926,,,
239,19.87615729,50.08935015,19.921932016463135,50.03481407879335,2024-03-28 08:02:22,1786358199,198.83333333333334,2024-03-28 08:05:40,2.386,1193,13.724044360805637,,,
240,19.88050831,50.09360496,19.938498264089006,50.062474167174344,2024-03-28 08:09:04,1786358199,312.8333333333333,2024-03-28 08:14:16,3.754,1877,27.455384210383244,,,
241,19.88271376,50.08513962,19.896749805080038,50.092023913249974,2024-03-28 07:48:15,1786358199,355.5,2024-03-28 07:54:10,4.266,2133,19.34074056383796,,,
242,19.87883842,50.08694513,19.939850404341957,50.07565869906707,2024-03-28 08:07:18,1786358199,130.0,2024-03-28 08:09:28,1.56,780,8.562150864618228,,,
243,19.88635439,50.08439288,19.89025801381177,50.09184543984393,2024-03-28 07:49:53,1786358199,316.1666666666667,2024-03-28 07:55:09,3.794,1897,18.749460075098266,,,
244,19.88657029,50.08511129,19.93496794093207,50.094744494355375,2024-03-28 07:51:29,1786358199,316.1666666666667,2024-03-28 07:56:45,3.794,1897,11.972179548740868,,,
245,19.87709652,50.09198075,19.919218561290172,50.06586308005565,2024-03-28 07:55:46,1786358199,251.33333333333334,2024-03-28 07:59:57,3.016,1508,9.154530977358393,,,
246,19.88369618,50.08361959,19.924829315459874,50.04941389786661,2024-03-28 07:58:31,1786358199,160.5,2024-03-28 08:01:11,1.926,963,11.762652932236517,,,
247,19.87286011,50.09205157,19.943522126085035,50.08558749863056,2024-03-28 08:13:06,1786358199,244.33333333333334,2024-03-28 08:17:10,2.932,1466,7.0703392480816065,,,
248,19.88394282,50.08914458,19.90092573215647,50.07244596102079,2024-03-28 08:12:36,1786358199,185.0,2024-03-28 08:15:41,2.22,1110,8.670006315667623,,,
249,19.88877769,50.09423677,19.91223597976861,50.08584031584903,2024-03-28 08:12:13,1786358199,337.8333333333333,2024-03-28 08:17:50,4.054,2027,11.820800526276733,,,
250,19.87489678,50.09121065,19.850850046789407,50.06730964043595,2024-03-28 08:14:38,1786358199,251.33333333333334,2024-03-28 08:18:49,3.016,1508,12.027058120204012,,,
251,19.87301734,50.09197948,19.938498264089006,50.062474167174344,2024-03-28 07:46:10,1786358199,244.33333333333334,2024-03-28 07:50:14,2.932,1466,12.544210037496699,,,
252,19.88981709,50.09623979,19.7630542739841,50.11908686112967,2024-03-28 08:05:04,1786358199,453.0,2024-03-28 08:12:37,5.436,2718,7.76063075182966,,,
253,19.87705363,50.08691287,19.95983851288684,50.01008605848627,2024-03-28 07:50:07,1786358199,130.0,2024-03-28 07:52:17,1.56,780,6.98521402251254,,,
254,19.87817272,50.09536637,19.885468795880367,50.09741493157783,2024-03-28 07:53:34,1786358199,340.6666666666667,2024-03-28 07:59:14,4.088,2044,18.142131353333724,,,
255,19.88291039,50.08565811,19.908014209029055,50.06424649804108,2024-03-28 08:08:47,1786358199,355.5,2024-03-28 08:14:42,4.266,2133,13.643116766781555,,,
256,19.88720203,50.08449532,19.930332766419596,50.05882202718608,2024-03-28 08:08:15,1786358199,316.1666666666667,2024-03-28 08:13:31,3.794,1897,17.480032744301276,,,
257,19.87904874,50.08382853,19.968179519581202,50.045766683411394,2024-03-28 07:48:31,1786358199,46.333333333333336,2024-03-28 07:49:17,0.556,278,18.8094956765862,,,
258,19.88464867,50.10146945,19.930332766419596,50.05882202718608,2024-03-28 07:57:13,1786358199,410.1666666666667,2024-03-28 08:04:03,4.922000000000001,2461,5.466204022528673,,,
259,19.88625545,50.09207106,19.956659023107136,50.05414863642009,2024-03-28 08:05:25,1786358199,273.3333333333333,2024-03-28 08:09:58,3.28,1640,11.002086879594325,,,
260,19.88778733,50.08865479,19.885304696761647,50.0797397302983,2024-03-28 08:08:21,1786358199,240.83333333333334,2024-03-28 08:12:21,2.89,1445,9.312118232968377,,,
261,19.8743224,50.09784584,19.885304696761647,50.0797397302983,2024-03-28 08:11:26,1786358199,408.3333333333333,2024-03-28 08:18:14,4.8999999999999995,2450,14.540045939764894,,,
262,19.8761639,50.08649632,19.866735711164115,50.06420326341105,2024-03-28 07:47:48,1786358199,130.0,2024-03-28 07:49:58,1.56,780,11.09062285710598,,,
263,19.8795987,50.10529807,20.07511440092228,50.0994186737882,2024-03-28 08:02:31,1786358199,499.8333333333333,2024-03-28 08:10:50,5.998,2999,16.941097744293216,,,
264,19.87930669,50.09620398,19.96536551579863,50.050855841111655,2024-03-28 08:01:28,1786358199,369.6666666666667,2024-03-28 08:07:37,4.436,2218,5.604501842025017,,,
265,19.8706232,50.09877762,19.909705443399535,50.071701286063636,2024-03-28 08:11:16,1786358199,464.0,2024-03-28 08:19:00,5.5680000000000005,2784,7.197816090122755,,,
266,19.88657029,50.08511129,20.045143497863204,50.09508245652762,2024-03-28 08:08:11,1786358199,316.1666666666667,2024-03-28 08:13:27,3.794,1897,15.772057518724147,,,
267,19.87358281,50.09921492,19.93419539069741,50.07058544963221,2024-03-28 07:47:36,1786358199,424.0,2024-03-28 07:54:40,5.088,2544,25.66154578945543,,,
268,19.87886285,50.09458907,19.901030100385878,50.08029795327047,2024-03-28 08:03:59,1786358199,312.8333333333333,2024-03-28 08:09:11,3.754,1877,18.046541428488457,,,
269,19.8888015,50.09535499,19.919436018510833,50.085962925378524,2024-03-28 08:01:11,1786358199,453.0,2024-03-28 08:08:44,5.436,2718,10.876068608975975,,,
270,19.8864525,50.09256296,19.932209163191157,50.05661243642661,2024-03-28 07:46:46,1786358199,273.3333333333333,2024-03-28 07:51:19,3.28,1640,14.545589323228269,,,
271,19.87958674,50.08485934,19.89025801381177,50.09184543984393,2024-03-28 08:05:13,1786358199,121.33333333333333,2024-03-28 08:07:14,1.456,728,18.188469285626702,,,
272,19.88126722,50.08402311,19.951528452088738,50.06393838914402,2024-03-28 08:14:09,1786358199,46.333333333333336,2024-03-28 08:14:55,0.556,278,10.746086954797454,,,
273,19.88657029,50.08511129,19.944623309478686,50.09375940213475,2024-03-28 07:58:57,1786358199,316.1666666666667,2024-03-28 08:04:13,3.794,1897,7.550153045073479,,,
274,19.872702,50.100578,19.89025801381177,50.09184543984393,2024-03-28 07:55:53,1786358199,462.8333333333333,2024-03-28 08:03:35,5.554,2777,13.550765075122467,,,
275,19.87853845,50.08625538,19.7630542739841,50.11908686112967,2024-03-28 07:58:50,1786358199,128.16666666666666,2024-03-28 08:00:58,1.5379999999999998,769,9.249833157805579,,,
276,19.88895201,50.09645848,19.919218561290172,50.06586308005565,2024-03-28 07:48:37,1786358199,453.0,2024-03-28 07:56:10,5.436,2718,10.458538759325775,,,
277,19.8883241,50.09215722,19.9221908362503,50.072998446130335,2024-03-28 07:58:36,1786358199,273.3333333333333,2024-03-28 08:03:09,3.28,1640,,,,
278,19.88093052,50.08964963,19.885304696761647,50.0797397302983,2024-03-28 07:49:12,1786358199,198.83333333333334,2024-03-28 07:52:30,2.386,1193,9.332259135228504,,,
279,19.87944876,50.08465821,19.900280172500075,50.07593397808469,2024-03-28 07:52:53,1786358199,121.33333333333333,2024-03-28 07:54:54,1.456,728,10.102198646585611,,,
280,19.87558911,50.08790051,19.885468795880367,50.09741493157783,2024-03-28 07:58:52,1786358199,202.16666666666666,2024-03-28 08:02:14,2.426,1213,15.402495639008828,,,
281,19.88657029,50.08511129,19.93562969314135,50.087582303139854,2024-03-28 08:14:02,1786358199,316.1666666666667,2024-03-28 08:19:18,3.794,1897,8.803026578886659,,,
282,19.87301734,50.09197948,20.042057303894335,50.01289058273134,2024-03-28 07:49:40,1786358199,244.33333333333334,2024-03-28 07:53:44,2.932,1466,13.191365413496232,,,
283,19.8849637,50.08405048,19.896749805080038,50.092023913249974,2024-03-28 08:12:41,1786358199,316.1666666666667,2024-03-28 08:17:57,3.794,1897,5.7547663533175895,,,
284,19.8849637,50.08405048,19.896749805080038,50.092023913249974,2024-03-28 07:57:53,1786358199,316.1666666666667,2024-03-28 08:03:09,3.794,1897,7.757891315699889,,,
285,19.88948339,50.09503617,20.03239915979112,50.086930990844145,2024-03-28 07:54:13,1786358199,415.3333333333333,2024-03-28 08:01:08,4.984,2492,9.096000827008595,,,
286,19.872702,50.100578,19.874204666574258,50.101607075245525,2024-03-28 08:02:29,1786358199,462.8333333333333,2024-03-28 08:10:11,5.554,2777,8.513053120187879,,,
287,19.88554973,50.09257009,19.916133429658977,50.055493041678496,2024-03-28 07:59:28,1786358199,251.5,2024-03-28 08:03:39,3.0180000000000002,1509,23.573877255593853,,,
288,19.88291814,50.09582978,19.93822362825267,50.049209082554,2024-03-28 07:45:54,1786358199,297.6666666666667,2024-03-28 07:50:51,3.572,1786,8.19980887209014,,,
289,19.88388116,50.09513697,19.876451611466283,50.0802373963888,2024-03-28 07:59:27,1786358199,287.6666666666667,2024-03-28 08:04:14,3.452,1726,8.19980887209014,,,
290,19.87732259,50.09160602,19.92604983564809,50.063908405043826,2024-03-28 07:52:59,1786358199,251.33333333333334,2024-03-28 07:57:10,3.016,1508,17.527726165261353,,,
291,19.88657029,50.08511129,19.885468795880367,50.09741493157783,2024-03-28 08:01:49,1786358199,316.1666666666667,2024-03-28 08:07:05,3.794,1897,9.168324962325835,,,
292,19.88015596,50.09223603,19.89025801381177,50.09184543984393,2024-03-28 08:10:17,1786358199,235.33333333333334,2024-03-28 08:14:12,2.824,1412,14.610097330764724,,,
293,19.88092575,50.08672723,19.930973165459715,50.026588448785624,2024-03-28 08:08:55,1786358199,106.83333333333333,2024-03-28 08:10:41,1.282,641,13.536920939813292,,,
294,19.88242619,50.08501153,19.896749805080038,50.092023913249974,2024-03-28 07:55:04,1786358199,355.5,2024-03-28 08:00:59,4.266,2133,7.361686240537091,,,
295,19.86904366,50.09936366,19.99330536372099,50.035524090746236,2024-03-28 07:55:31,1786358199,532.3333333333334,2024-03-28 08:04:23,6.388000000000001,3194,12.473322293203484,,,
296,19.88583674,50.08531431,19.947557840848475,50.03890114836852,2024-03-28 07:53:12,1786358199,316.1666666666667,2024-03-28 07:58:28,3.794,1897,7.437508909740106,,,
297,19.872702,50.100578,19.93562969314135,50.087582303139854,2024-03-28 08:08:14,1786358199,462.8333333333333,2024-03-28 08:15:56,5.554,2777,6.901682744325482,,,
298,19.88875252,50.09591108,19.876451611466283,50.0802373963888,2024-03-28 08:05:15,1786358199,453.0,2024-03-28 08:12:48,5.436,2718,15.346418496155142,,,
299,19.87828976,50.0844822,19.946976008268066,50.05173995678817,2024-03-28 07:46:19,1786358199,121.33333333333333,2024-03-28 07:48:20,1.456,728,8.997063195391009,,,
300,19.87886285,50.09458907,19.883868770254324,50.08617267989062,2024-03-28 07:46:05,1786358199,312.8333333333333,2024-03-28 07:51:17,3.754,1877,21.269619962285496,,,
301,19.87822848,50.09882832,19.885468795880367,50.09741493157783,2024-03-28 07:49:05,1786358199,377.1666666666667,2024-03-28 07:55:22,4.526,2263,14.857369887050101,,,
302,19.872702,50.100578,19.909705443399535,50.071701286063636,2024-03-28 08:12:16,1786358199,462.8333333333333,2024-03-28 08:19:58,5.554,2777,15.012268120228217,,,
303,19.87884919,50.09770109,20.006285715904397,50.077821947252225,2024-03-28 07:49:08,1786358199,377.1666666666667,2024-03-28 07:55:25,4.526,2263,9.202831090138892,,,
304,19.88879723,50.09343166,19.81365667690169,49.967735529248124,2024-03-28 07:55:38,1786358199,337.8333333333333,2024-03-28 08:01:15,4.054,2027,,,,
305,19.872702,50.100578,19.93822362825267,50.049209082554,2024-03-28 07:58:31,1786358199,462.8333333333333,2024-03-28 08:06:13,5.554,2777,11.543915263065763,,,
306,19.88635439,50.08439288,19.896749805080038,50.092023913249974,2024-03-28 08:14:35,1786358199,316.1666666666667,2024-03-28 08:19:51,3.794,1897,7.153496390927222,,,
307,19.87786072,50.0843247,19.874204666574258,50.101607075245525,2024-03-28 07:54:14,1786358199,46.333333333333336,2024-03-28 07:55:00,0.556,278,5.133681954861987,,,
308,19.8886647,50.09391472,19.946976008268066,50.05173995678817,2024-03-28 08:02:31,1786358199,337.8333333333333,2024-03-28 08:08:08,4.054,2027,12.567988759341908,,,
309,19.88924037,50.09624982,19.900435359165712,50.10506673933658,2024-03-28 07:52:57,1786358199,453.0,2024-03-28 08:00:30,5.436,2718,18.501951390903024,,,
310,19.88492645,50.1009808,20.11684313849509,50.064924371940286,2024-03-28 08:14:43,1786358199,410.1666666666667,2024-03-28 08:21:33,4.922000000000001,2461,,,,
311,19.88763029,50.09730264,19.97619937186032,50.08740153042342,2024-03-28 07:57:57,1786358199,467.0,2024-03-28 08:05:44,5.604,2802,29.33757996237423,,,
312,19.8687035,50.09082359,20.04548456486099,50.06715607137182,2024-03-28 07:45:28,1786358199,364.5,2024-03-28 07:51:32,4.374,2187,17.039330338293098,,,
313,19.87414642,50.08937606,19.91873239637311,50.01376946390524,2024-03-28 08:09:26,1786358199,244.33333333333334,2024-03-28 08:13:30,2.932,1466,7.466671315683756,,,
314,19.88464925,50.09913821,19.896749805080038,50.092023913249974,2024-03-28 07:49:43,1786358199,365.8333333333333,2024-03-28 07:55:48,4.39,2195,10.191519097618873,,,
315,19.88150553,50.09494372,19.925828223725688,50.075653280432284,2024-03-28 07:52:13,1786358199,283.6666666666667,2024-03-28 07:56:56,3.404,1702,14.631174398447536,,,
316,19.88871608,50.09317837,19.925828223725688,50.075653280432284,2024-03-28 07:59:14,1786358199,337.8333333333333,2024-03-28 08:04:51,4.054,2027,9.56518605260993,,,
317,19.88383794,50.1019281,19.896749805080038,50.092023913249974,2024-03-28 08:07:34,1786358199,422.1666666666667,2024-03-28 08:14:36,5.066000000000001,2533,29.005700112724032,,,
318,19.872702,50.100578,19.96285314488492,50.06240333080091,2024-03-28 07:49:26,1786358199,462.8333333333333,2024-03-28 07:57:08,5.554,2777,16.07512360896791,,,
319,19.88050831,50.09360496,20.04548456486099,50.06715607137182,2024-03-28 08:03:25,1786358199,312.8333333333333,2024-03-28 08:08:37,3.754,1877,20.93115657888666,,,
320,19.8792855,50.08520836,20.009873824321133,50.034131668100216,2024-03-28 07:51:37,1786358199,121.33333333333333,2024-03-28 07:53:38,1.456,728,22.749634435984564,,,
321,19.88880766,50.09224968,20.009332336958497,50.071339520370266,2024-03-28 08:03:31,1786358199,374.6666666666667,2024-03-28 08:09:45,4.496,2248,6.9210844736345365,,,
322,19.88923817,50.09191875,19.900957039209576,50.0195528675999,2024-03-28 07:56:20,1786358199,374.6666666666667,2024-03-28 08:02:34,4.496,2248,11.870292781886715,,,
323,19.87725488,50.08746366,19.909705443399535,50.071701286063636,2024-03-28 07:53:36,1786358199,130.0,2024-03-28 07:55:46,1.56,780,,,,
324,19.87777154,50.09371446,19.994032008632,50.077640724084745,2024-03-28 08:04:33,1786358199,277.3333333333333,2024-03-28 08:09:10,3.328,1664,11.606173608975974,,,
325,19.88895201,50.09645848,19.95211908164373,50.056008909455784,2024-03-28 07:50:07,1786358199,453.0,2024-03-28 07:57:40,5.436,2718,7.109871278146723,,,
326,19.87808473,50.10091385,19.923458794539304,50.05679640240351,2024-03-28 07:58:04,1786358199,451.0,2024-03-28 08:05:35,5.412,2706,18.40892556382183,,,
327,19.88625545,50.09207106,19.83086139787535,50.06016561608344,2024-03-28 08:07:05,1786358199,273.3333333333333,2024-03-28 08:11:38,3.28,1640,18.326218270626413,,,
328,19.87006832,50.09794929,19.93730404614246,50.10757066294081,2024-03-28 08:13:15,1786358199,460.6666666666667,2024-03-28 08:20:55,5.5280000000000005,2764,22.869637744293215,,,
329,19.88583674,50.08531431,19.97619937186032,50.08740153042342,2024-03-28 08:13:44,1786358199,316.1666666666667,2024-03-28 08:19:00,3.794,1897,19.603289398383005,,,
330,19.88178035,50.10009146,19.900435359165712,50.10506673933658,2024-03-28 07:56:43,1786358199,375.0,2024-03-28 08:02:58,4.5,2250,18.739634248049338,,,
331,19.88871608,50.09317837,19.7630542739841,50.11908686112967,2024-03-28 07:46:35,1786358199,337.8333333333333,2024-03-28 07:52:12,4.054,2027,9.131512293163148,,,
332,19.88043174,50.08607816,19.896749805080038,50.092023913249974,2024-03-28 08:04:13,1786358199,114.16666666666667,2024-03-28 08:06:07,1.37,685,,,,
333,19.88910789,50.09523702,19.908672905075143,50.06789917678694,2024-03-28 07:59:15,1786358199,415.3333333333333,2024-03-28 08:06:10,4.984,2492,19.32696056381376,,,
334,19.88657029,50.08511129,20.017170440865435,50.07626902768226,2024-03-28 07:52:23,1786358199,316.1666666666667,2024-03-28 07:57:39,3.794,1897,14.88794545106553,,,
335,19.87943296,50.08673911,19.9291635675951,50.042482897524046,2024-03-28 07:53:52,1786358199,128.16666666666666,2024-03-28 07:56:00,1.5379999999999998,769,12.633434699187468,,,
336,19.8767039,50.09452386,20.04175261820857,50.07485129539868,2024-03-28 08:04:23,1786358199,277.3333333333333,2024-03-28 08:09:00,3.328,1664,19.7240796240166,,,
337,19.88827732,50.09525843,19.968179519581202,50.045766683411394,2024-03-28 07:59:17,1786358199,281.8333333333333,2024-03-28 08:03:58,3.382,1691,15.137820375918865,,,
338,19.88350976,50.09744102,19.99409627102937,50.06713896103214,2024-03-28 07:50:53,1786358199,323.0,2024-03-28 07:56:16,3.876,1938,11.742887819423748,,,
339,19.89160279,50.09483417,19.930084475294397,50.069024028569096,2024-03-28 08:10:49,1786358199,415.3333333333333,2024-03-28 08:17:44,4.984,2492,8.243524473666803,,,
340,19.872702,50.100578,19.941901758623633,50.06816719956396,2024-03-28 07:48:37,1786358199,462.8333333333333,2024-03-28 07:56:19,5.554,2777,15.904158571374408,,,
341,19.89070576,50.09348564,19.900957039209576,50.0195528675999,2024-03-28 07:52:49,1786358199,337.8333333333333,2024-03-28 07:58:26,4.054,2027,8.858021052529258,,,
342,19.88256073,50.09343012,20.24307426366761,50.03837155924178,2024-03-28 07:57:28,1786358199,295.8333333333333,2024-03-28 08:02:23,3.55,1775,7.731343383398844,,,
343,19.88271638,50.08569591,19.956659023107136,50.05414863642009,2024-03-28 08:06:43,1786358199,94.16666666666667,2024-03-28 08:08:17,1.1300000000000001,565,15.008055451000995,,,
344,19.88916641,50.09307069,19.895332660090357,50.08589444983672,2024-03-28 07:51:44,1786358199,337.8333333333333,2024-03-28 07:57:21,4.054,2027,14.010232142756884,,,
345,19.88281618,50.09811686,19.944623309478686,50.09375940213475,2024-03-28 07:53:21,1786358199,361.8333333333333,2024-03-28 07:59:22,4.342,2171,18.340548796935412,,,
346,19.88731694,50.09524252,19.924829315459874,50.04941389786661,2024-03-28 07:50:56,1786358199,281.8333333333333,2024-03-28 07:55:37,3.382,1691,14.975440187911033,,,
347,19.88850353,50.09264239,19.896749805080038,50.092023913249974,2024-03-28 08:13:42,1786358199,273.3333333333333,2024-03-28 08:18:15,3.28,1640,18.13896605256959,,,
348,19.872702,50.100578,19.938498264089006,50.062474167174344,2024-03-28 08:06:22,1786358199,462.8333333333333,2024-03-28 08:14:04,5.554,2777,7.812099511236103,,,
349,19.87844395,50.09554917,19.919218561290172,50.06586308005565,2024-03-28 08:00:34,1786358199,340.6666666666667,2024-03-28 08:06:14,4.088,2044,15.613381390911094,,,
350,19.87806364,50.08515395,19.98485702298316,50.08796386842873,2024-03-28 08:04:11,1786358199,121.33333333333333,2024-03-28 08:06:12,1.456,728,18.181598947309404,,,
351,19.87831976,50.09595857,19.96653300867659,50.056903793509896,2024-03-28 08:04:24,1786358199,340.6666666666667,2024-03-28 08:10:04,4.088,2044,39.1578544736426,,,
352,19.88738616,50.09543947,19.885468795880367,50.09741493157783,2024-03-28 08:03:43,1786358199,281.8333333333333,2024-03-28 08:08:24,3.382,1691,14.659015338228565,,,
353,19.88958864,50.09534585,19.925828223725688,50.075653280432284,2024-03-28 08:06:02,1786358199,415.3333333333333,2024-03-28 08:12:57,4.984,2492,6.503569699195535,,,
354,19.88153589,50.09376942,19.924829315459874,50.04941389786661,2024-03-28 08:02:44,1786358199,295.8333333333333,2024-03-28 08:07:39,3.55,1775,13.444314962341966,,,
355,19.88291814,50.09582978,19.885304696761647,50.0797397302983,2024-03-28 08:00:42,1786358199,297.6666666666667,2024-03-28 08:05:39,3.572,1786,14.971180187878765,,,
356,19.87901858,50.10623468,19.932209232580917,50.07897281266658,2024-03-28 08:03:37,1786358199,522.0,2024-03-28 08:12:19,6.264,3132,6.329398984910973,,,
357,19.89192953,50.09469504,19.9040061349451,50.08511392113392,2024-03-28 07:54:28,1786358199,415.3333333333333,2024-03-28 08:01:23,4.984,2492,15.247185526171865,,,
358,19.872702,50.100578,19.938498264089006,50.062474167174344,2024-03-28 07:52:12,1786358199,462.8333333333333,2024-03-28 07:59:54,5.554,2777,11.122679323268603,,,
359,19.89000052,50.09511363,19.919436018510833,50.085962925378524,2024-03-28 07:54:33,1786358199,415.3333333333333,2024-03-28 08:01:28,4.984,2492,13.14412868408231,,,
360,19.87825175,50.08653874,19.896749805080038,50.092023913249974,2024-03-28 08:02:43,1786358199,130.0,2024-03-28 08:04:53,1.56,780,18.691876654065588,,,
361,19.88562189,50.0845492,19.900435359165712,50.10506673933658,2024-03-28 08:11:12,1786358199,316.1666666666667,2024-03-28 08:16:28,3.794,1897,4.5158179699026135,,,
362,19.87901858,50.10623468,19.896749805080038,50.092023913249974,2024-03-28 08:05:24,1786358199,522.0,2024-03-28 08:14:06,6.264,3132,10.755029323252469,,,
363,19.87876928,50.09835395,19.883868770254324,50.08617267989062,2024-03-28 07:53:36,1786358199,377.1666666666667,2024-03-28 07:59:53,4.526,2263,14.29780105255346,,,
364,19.88228483,50.08792987,20.020541726216635,50.05520162368409,2024-03-28 07:46:33,1786358199,139.5,2024-03-28 07:48:52,1.674,837,5.905189473618402,,,
365,19.87418022,50.08982611,19.969008628036885,50.01927195725513,2024-03-28 07:46:57,1786358199,244.33333333333334,2024-03-28 07:51:01,2.932,1466,12.064169736789037,,,
366,19.88836775,50.08475731,19.909705443399535,50.071701286063636,2024-03-28 08:09:14,1786358199,230.16666666666666,2024-03-28 08:13:04,2.762,1381,6.468366202935524,,,
367,19.88187183,50.09323491,19.91846245445818,50.062309704373035,2024-03-28 07:48:13,1786358199,295.8333333333333,2024-03-28 07:53:08,3.55,1775,15.247185526171865,,,
368,19.88924041,50.09422788,19.874150437606403,50.07434666279814,2024-03-28 08:05:51,1786358199,337.8333333333333,2024-03-28 08:11:28,4.054,2027,7.117836766878355,,,
369,19.88675945,50.09668912,19.919218561290172,50.06586308005565,2024-03-28 07:52:00,1786358199,323.0,2024-03-28 07:57:23,3.876,1938,9.712748195374878,,,
370,19.8833213,50.09338653,20.018648364109175,50.01189488594205,2024-03-28 07:58:19,1786358199,272.0,2024-03-28 08:02:51,3.2640000000000002,1632,11.529814999935468,,,
371,19.872702,50.100578,19.965454495667824,50.090546020723934,2024-03-28 07:51:07,1786358199,462.8333333333333,2024-03-28 07:58:49,5.554,2777,8.489364285642836,,,
372,19.88872187,50.09200088,19.880253002996724,50.066753530178076,2024-03-28 07:50:22,1786358199,374.6666666666667,2024-03-28 07:56:36,4.496,2248,6.687265864618228,,,
373,19.872702,50.100578,19.99330536372099,50.035524090746236,2024-03-28 07:56:02,1786358199,462.8333333333333,2024-03-28 08:03:44,5.554,2777,27.455344060073774,,,
374,19.88738616,50.09543947,19.93562969314135,50.087582303139854,2024-03-28 08:05:50,1786358199,281.8333333333333,2024-03-28 08:10:31,3.382,1691,21.157828383406915,,,
375,19.88251113,50.10050175,19.919218561290172,50.06586308005565,2024-03-28 08:04:20,1786358199,375.0,2024-03-28 08:10:35,4.5,2250,8.372941578814054,,,
376,19.86947192,50.09193505,19.896749805080038,50.092023913249974,2024-03-28 07:51:29,1786358199,364.5,2024-03-28 07:57:33,4.374,2187,11.044918270650612,,,
377,19.87776475,50.08662925,19.9221908362503,50.072998446130335,2024-03-28 08:04:54,1786358199,130.0,2024-03-28 08:07:04,1.56,780,11.318126390894957,,,
378,19.88657029,50.08511129,20.06400505456663,49.972753688256766,2024-03-28 08:14:51,1786358199,316.1666666666667,2024-03-28 08:20:07,3.794,1897,9.575826616480159,,,
379,19.87813756,50.08544486,19.98485702298316,50.08796386842873,2024-03-28 08:01:22,1786358199,121.33333333333333,2024-03-28 08:03:23,1.456,728,18.35242530070766,,,
380,19.88657029,50.08511129,19.905667459513932,50.09311409409152,2024-03-28 08:05:08,1786358199,316.1666666666667,2024-03-28 08:10:24,3.794,1897,18.766130977382595,,,
381,19.88738616,50.09543947,19.946976008268066,50.05173995678817,2024-03-28 08:03:11,1786358199,281.8333333333333,2024-03-28 08:07:52,3.382,1691,14.493257969838078,,,
382,19.87398724,50.08992577,19.92604983564809,50.063908405043826,2024-03-28 07:50:36,1786358199,244.33333333333334,2024-03-28 07:54:40,2.932,1466,23.454545939724554,,,
383,19.87741563,50.08379895,19.883868770254324,50.08617267989062,2024-03-28 08:04:17,1786358199,46.333333333333336,2024-03-28 08:05:03,0.556,278,9.395968909723974,,,
384,19.88583674,50.08531431,19.900435359165712,50.10506673933658,2024-03-28 07:54:41,1786358199,316.1666666666667,2024-03-28 07:59:57,3.794,1897,10.867790300683467,,,
385,19.88554973,50.09257009,19.923458794539304,50.05679640240351,2024-03-28 08:12:54,1786358199,251.5,2024-03-28 08:17:05,3.0180000000000002,1509,10.209870526220264,,,
386,19.88083385,50.106012,19.947149505549167,50.06925456517236,2024-03-28 07:49:23,1786358199,495.1666666666667,2024-03-28 07:57:38,5.942,2971,9.380375977366459,,,
387,19.88738616,50.09543947,19.92588842901963,50.09381953241741,2024-03-28 08:12:01,1786358199,281.8333333333333,2024-03-28 08:16:42,3.382,1691,26.091131766789626,,,
388,19.88957396,50.09410138,19.9040061349451,50.08511392113392,2024-03-28 07:50:34,1786358199,337.8333333333333,2024-03-28 07:56:11,4.054,2027,12.985049511155436,,,
389,19.88451464,50.09459523,20.000342557979675,50.0919054623176,2024-03-28 08:13:36,1786358199,281.8333333333333,2024-03-28 08:18:17,3.382,1691,8.331869360797569,,,
390,19.87911822,50.08408685,19.896749805080038,50.092023913249974,2024-03-28 08:09:50,1786358199,46.333333333333336,2024-03-28 08:10:36,0.556,278,15.733888421008476,,,
391,19.8801439,50.08412397,19.925828223725688,50.075653280432284,2024-03-28 08:05:27,1786358199,46.333333333333336,2024-03-28 08:06:13,0.556,278,13.637357518748352,,,
392,19.88719479,50.09632872,19.96285314488492,50.06240333080091,2024-03-28 08:06:42,1786358199,281.8333333333333,2024-03-28 08:11:23,3.382,1691,7.19653951119577,,,
393,19.872702,50.100578,19.89175386495684,50.07333677705641,2024-03-28 08:13:53,1786358199,462.8333333333333,2024-03-28 08:21:35,5.554,2777,10.900573608975975,,,
394,19.87821176,50.09398523,20.01900686992005,50.06164160374003,2024-03-28 08:12:49,1786358199,277.3333333333333,2024-03-28 08:17:26,3.328,1664,11.208178684162977,,,
395,19.87958674,50.08485934,19.98485702298316,50.08796386842873,2024-03-28 07:48:21,1786358199,121.33333333333333,2024-03-28 07:50:22,1.456,728,12.919958157853978,,,
396,19.8855049,50.08394869,19.965454495667824,50.090546020723934,2024-03-28 07:55:14,1786358199,316.1666666666667,2024-03-28 08:00:30,3.794,1897,11.47834172924452,,,
397,19.872702,50.100578,19.954224567399343,50.04563548823089,2024-03-28 08:00:24,1786358199,462.8333333333333,2024-03-28 08:08:06,5.554,2777,7.91418191721202,,,
398,19.88872187,50.09200088,19.928192994179508,50.08676725221771,2024-03-28 08:12:18,1786358199,374.6666666666667,2024-03-28 08:18:32,4.496,2248,15.227019060073768,,,
399,19.87929887,50.08500626,19.959417681443327,49.942041975153025,2024-03-28 07:50:55,1786358199,121.33333333333333,2024-03-28 07:52:56,1.456,728,8.515162857049514,,,
400,19.86937469,50.09198606,19.9040061349451,50.08511392113392,2024-03-28 07:52:00,1786358199,364.5,2024-03-28 07:58:04,4.374,2187,9.66158026304963,,,
401,19.88073501,50.08846003,19.93822362825267,50.049209082554,2024-03-28 08:09:16,1786358199,139.5,2024-03-28 08:11:35,1.674,837,14.21389481194377,,,
402,19.88625545,50.09207106,19.88341627091129,50.07447126950964,2024-03-28 07:53:35,1786358199,273.3333333333333,2024-03-28 07:58:08,3.28,1640,11.893299887154967,,,
403,19.8726721,50.09852786,19.916133429658977,50.055493041678496,2024-03-28 08:10:58,1786358199,438.8333333333333,2024-03-28 08:18:16,5.266,2633,21.524738496187407,,,
404,19.87252862,50.09059098,19.91846245445818,50.062309704373035,2024-03-28 08:00:09,1786358199,244.33333333333334,2024-03-28 08:04:13,2.932,1466,12.955972330700186,,,
405,19.87840967,50.09264557,19.919218561290172,50.06586308005565,2024-03-28 07:47:48,1786358199,249.16666666666666,2024-03-28 07:51:57,2.99,1495,11.516907593911148,,,
406,19.87428899,50.0987704,19.93496794093207,50.094744494355375,2024-03-28 07:47:11,1786358199,421.8333333333333,2024-03-28 07:54:12,5.062,2531,17.61449902247221,,,
407,19.8825518,50.09388291,19.95089324303261,50.07136848968176,2024-03-28 07:51:38,1786358199,272.0,2024-03-28 07:56:10,3.2640000000000002,1632,8.690889022520604,,,
408,19.88058704,50.09580413,19.945617218577727,50.06065705244727,2024-03-28 07:46:24,1786358199,328.6666666666667,2024-03-28 07:51:52,3.9440000000000004,1972,30.072340150293325,,,
409,19.87825706,50.08426901,19.941901758623633,50.06816719956396,2024-03-28 07:58:54,1786358199,46.333333333333336,2024-03-28 07:59:40,0.556,278,11.568561879626591,,,
410,19.872702,50.100578,19.905667459513932,50.09311409409152,2024-03-28 07:48:21,1786358199,462.8333333333333,2024-03-28 07:56:03,5.554,2777,,,,
411,19.87913136,50.08806037,19.896749805080038,50.092023913249974,2024-03-28 07:55:43,1786358199,130.0,2024-03-28 07:57:53,1.56,780,13.538528007439645,,,
412,19.88201743,50.10401688,19.919769509020625,50.0693415585258,2024-03-28 08:09:34,1786358199,482.0,2024-03-28 08:17:36,5.784,2892,9.621931202935523,,,
413,19.872702,50.100578,19.947149505549167,50.06925456517236,2024-03-28 08:08:11,1786358199,462.8333333333333,2024-03-28 08:15:53,5.554,2777,16.805396127772724,,,
414,19.88353192,50.08235301,19.931234427840387,50.01286261264468,2024-03-28 08:11:21,1786358199,50.0,2024-03-28 08:12:11,0.6,300,16.05482883454504,,,
415,19.8844549,50.10110394,19.909705443399535,50.071701286063636,2024-03-28 07:54:07,1786358199,410.1666666666667,2024-03-28 08:00:57,4.922000000000001,2461,11.264224060089909,,,
416,19.86725731,50.09555234,19.885304696761647,50.0797397302983,2024-03-28 07:55:45,1786358199,407.1666666666667,2024-03-28 08:02:32,4.886,2443,12.405525451033263,,,
417,19.88237158,50.08502278,19.956685884485186,50.09473293199716,2024-03-28 07:55:32,1786358199,355.5,2024-03-28 08:01:27,4.266,2133,13.39996439841527,,,
418,19.8826388,50.09476068,19.909705443399535,50.071701286063636,2024-03-28 08:02:25,1786358199,283.6666666666667,2024-03-28 08:07:08,3.404,1702,14.329957932276846,,,
419,19.88836775,50.08475731,19.919436018510833,50.085962925378524,2024-03-28 08:10:19,1786358199,230.16666666666666,2024-03-28 08:14:09,2.762,1381,10.244860375838194,,,
420,19.87786072,50.0843247,20.023337266509515,50.08530570008899,2024-03-28 07:52:09,1786358199,46.333333333333336,2024-03-28 07:52:55,0.556,278,13.169105826984396,,,
421,19.88164876,50.10436557,19.964916843448524,50.081348066156636,2024-03-28 08:13:09,1786358199,482.0,2024-03-28 08:21:11,5.784,2892,8.545027744260947,,,
422,19.88309663,50.08230913,19.876451611466283,50.0802373963888,2024-03-28 07:53:59,1786358199,50.0,2024-03-28 07:54:49,0.6,300,10.548170187943299,,,
423,19.87392089,50.08995107,19.896749805080038,50.092023913249974,2024-03-28 07:51:13,1786358199,244.33333333333334,2024-03-28 07:55:17,2.932,1466,15.596551428512658,,,
424,19.887201,50.08911991,19.925410714188555,50.032779224490085,2024-03-28 07:47:01,1786358199,240.83333333333334,2024-03-28 07:51:01,2.89,1445,13.89797951119577,,,
425,19.88958864,50.09534585,20.043138745694055,50.08056768215155,2024-03-28 08:07:00,1786358199,415.3333333333333,2024-03-28 08:13:55,4.984,2492,9.1092599623823,,,
426,19.88368718,50.09333034,19.9040061349451,50.08511392113392,2024-03-28 08:02:51,1786358199,251.5,2024-03-28 08:07:02,3.0180000000000002,1509,6.753461090155023,,,
427,19.87349515,50.09893055,19.95318585199058,50.06650806917316,2024-03-28 08:04:34,1786358199,420.0,2024-03-28 08:11:34,5.04,2520,13.01480590217946,,,
428,19.88923112,50.09323512,19.893211100346466,50.07746837869586,2024-03-28 08:10:43,1786358199,337.8333333333333,2024-03-28 08:16:20,4.054,2027,8.757930150341732,,,
429,19.87829898,50.09779453,19.896749805080038,50.092023913249974,2024-03-28 07:56:08,1786358199,377.1666666666667,2024-03-28 08:02:25,4.526,2263,8.730999360821771,,,
430,19.8883241,50.09215722,20.04548456486099,50.06715607137182,2024-03-28 08:08:34,1786358199,273.3333333333333,2024-03-28 08:13:07,3.28,1640,12.246711616439821,,,
431,19.872702,50.100578,19.89175386495684,50.07333677705641,2024-03-28 07:59:49,1786358199,462.8333333333333,2024-03-28 08:07:31,5.554,2777,16.628268270618342,,,
432,19.887201,50.08911991,19.9221908362503,50.072998446130335,2024-03-28 07:46:11,1786358199,240.83333333333334,2024-03-28 07:50:11,2.89,1445,3.7268330074799794,,,
433,19.87786072,50.0843247,19.943522126085035,50.08558749863056,2024-03-28 08:07:20,1786358199,46.333333333333336,2024-03-28 08:08:06,0.556,278,10.186241992390954,,,
434,19.88888897,50.09244634,20.002554441096464,50.15868495911996,2024-03-28 07:48:46,1786358199,374.6666666666667,2024-03-28 07:55:00,4.496,2248,12.782207556349917,,,
435,19.87749208,50.08416184,19.90092573215647,50.07244596102079,2024-03-28 07:53:55,1786358199,46.333333333333336,2024-03-28 07:54:41,0.556,278,17.14658793229298,,,
436,19.89000052,50.09511363,19.83086139787535,50.06016561608344,2024-03-28 08:05:49,1786358199,415.3333333333333,2024-03-28 08:12:44,4.984,2492,9.235812518740287,,,
437,19.8886149,50.09292594,19.940439694625585,50.07221055091952,2024-03-28 07:47:13,1786358199,273.3333333333333,2024-03-28 07:51:46,3.28,1640,14.27369157890279,,,
438,19.88981709,50.09623979,19.7630542739841,50.11908686112967,2024-03-28 07:49:08,1786358199,453.0,2024-03-28 07:56:41,5.436,2718,7.445657857049513,,,
439,19.88981709,50.09623979,20.048267602081577,50.077686273253285,2024-03-28 07:57:41,1786358199,453.0,2024-03-28 08:05:14,5.436,2718,9.238495263098027,,,
440,19.88706686,50.09194465,19.932209232580917,50.07897281266658,2024-03-28 07:48:21,1786358199,273.3333333333333,2024-03-28 07:52:54,3.28,1640,17.654918045025084,,,
441,19.88583674,50.08531431,19.750020781917765,50.04298906178825,2024-03-28 07:57:21,1786358199,316.1666666666667,2024-03-28 08:02:37,3.794,1897,11.893299887154967,,,
442,19.87465839,50.09097289,19.930332766419596,50.05882202718608,2024-03-28 07:55:34,1786358199,244.33333333333334,2024-03-28 07:59:38,2.932,1466,10.429957443569418,,,
443,19.87821176,50.09398523,19.938498264089006,50.062474167174344,2024-03-28 07:51:37,1786358199,277.3333333333333,2024-03-28 07:56:14,3.328,1664,11.002641653992988,,,
444,19.88997027,50.09766609,19.908672905075143,50.06789917678694,2024-03-28 07:54:38,1786358199,484.5,2024-03-28 08:02:42,5.814,2907,26.343712255577717,,,
445,19.87745054,50.08359852,19.874204666574258,50.101607075245525,2024-03-28 08:06:56,1786358199,46.333333333333336,2024-03-28 08:07:42,0.556,278,8.531561654025253,,,
446,19.88657029,50.08511129,19.827118118015793,50.154928274938214,2024-03-28 08:10:19,1786358199,316.1666666666667,2024-03-28 08:15:35,3.794,1897,18.863189511244173,,,
447,19.87386318,50.09292528,19.930084475294397,50.069024028569096,2024-03-28 08:14:36,1786358199,307.6666666666667,2024-03-28 08:19:43,3.692,1846,11.265384736756769,,,
448,19.88657029,50.08511129,19.87261017257536,50.09032420599024,2024-03-28 07:57:55,1786358199,316.1666666666667,2024-03-28 08:03:11,3.794,1897,17.480032744301276,,,
449,19.88777032,50.09612836,19.89025801381177,50.09184543984393,2024-03-28 07:56:14,1786358199,281.8333333333333,2024-03-28 08:00:55,3.382,1691,17.979606992439354,,,
450,19.88047556,50.08851639,19.89025801381177,50.09184543984393,2024-03-28 08:07:53,1786358199,139.5,2024-03-28 08:10:12,1.674,837,14.899187932268783,,,
451,19.88877769,50.09423677,19.890428160790396,50.01147754141,2024-03-28 08:14:20,1786358199,337.8333333333333,2024-03-28 08:19:57,4.054,2027,28.42944496230163,,,
452,19.8703257,50.09958809,19.95309081186307,50.08310547911931,2024-03-28 07:48:32,1786358199,532.3333333333334,2024-03-28 07:57:24,6.388000000000001,3194,13.704896428496529,,,
453,19.88654307,50.09446409,19.95309081186307,50.08310547911931,2024-03-28 07:59:23,1786358199,281.8333333333333,2024-03-28 08:04:04,3.382,1691,13.908102932188113,,,
454,19.88562189,50.0845492,19.896749805080038,50.092023913249974,2024-03-28 08:07:59,1786358199,316.1666666666667,2024-03-28 08:13:15,3.794,1897,8.315263045065413,,,
455,19.872702,50.100578,19.7630542739841,50.11908686112967,2024-03-28 07:57:00,1786358199,462.8333333333333,2024-03-28 08:04:42,5.554,2777,10.080328345740812,,,
456,19.872702,50.100578,19.98485702298316,50.08796386842873,2024-03-28 08:08:47,1786358199,462.8333333333333,2024-03-28 08:16:29,5.554,2777,15.281402744244808,,,
